,RowNumber,CustomerId,Surname,CreditScore,Geography,Gender,Age,Tenure,Balance,NumOfProducts,HasCrCard,IsActiveMember,EstimatedSalary,Exited
0,2303,15605844,Fuller,834,Spain,Female,40,8,130649.02844760317,2,0,1,157947.84461627319,0
1,8158,15606040,Hargrave,777,Germany,Female,38,8,-1108.3727146017752,1,0,1,157072.32230782532,0
2,5902,15626503,Rivas,516,Spain,Male,36,8,87974.4060966236,2,0,1,60661.867776815656,0
3,6466,15702912,Davide,615,Spain,Male,29,5,53534.73103843737,2,0,0,185380.4185660337,0
4,4963,15632970,Kuo,634,France,Female,35,7,153779.72828298755,2,1,0,46414.26550090958,0
5,2977,15699668,Messersmith,517,Spain,Female,57,6,107207.5718819574,2,0,1,118290.58584917731,0
6,9720,15679741,Akabueze,549,Spain,Female,36,5,-2224.610804388685,1,1,0,121756.82352705237,0
7,5622,15671614,Vasilieva,576,France,Female,34,3,117036.52985533117,2,1,0,173034.7061342891,0
8,8390,15685938,McCarthy,589,Spain,Male,31,8,138288.5787397391,1,1,0,15762.046651176048,0
9,5042,15619033,Mitchell,831,Spain,Male,39,7,148653.60863455472,2,1,0,10912.83098301033,0
10,7680,15635623,Storey,513,Spain,Female,29,6,142336.05092516198,2,0,0,116273.55414127874,0
11,8282,15605619,Pugh,591,Spain,Male,35,9,138787.36384546393,2,1,0,11814.902251618507,1
12,6805,15789843,Adams,735,France,Female,32,5,87990.88152414664,2,0,1,180532.10235011042,0
13,3118,15728141,Obiuto,650,Spain,Female,22,6,-303.5324914872476,1,1,0,182176.58697443182,0
14,8896,15795405,Akabueze,618,Germany,Female,25,5,1112.8404355386435,1,0,1,43917.53905317321,0
15,2311,15676501,Genovesi,546,Germany,Female,38,5,104509.71678550888,2,1,0,124554.04899570835,1
16,8615,15702458,Hudson,598,Germany,Female,34,1,117229.99605722522,1,1,0,28592.262821172444,1
17,6934,15767973,Cantamessa,624,Spain,Female,29,10,128857.04786138289,3,1,1,196946.76558140822,0
18,6240,15761687,Lombardo,595,Germany,Male,23,4,152286.07321293827,2,0,0,146455.54159093494,0
19,7767,15715662,Vinogradova,588,Germany,Male,40,3,101454.03097413614,2,1,1,185425.57634332034,1
20,5002,15642364,De Luca,560,Germany,Male,47,10,69417.09474365355,1,0,0,138992.2588179999,1
21,3862,15615061,Wilson,712,Germany,Female,30,3,-514.257943275334,1,1,1,71938.44698969515,0
22,3287,15787358,Burlingame,540,Germany,Male,29,9,114716.70860262307,2,1,1,130052.01460966446,0
23,4185,15717346,Fleming,613,France,Male,27,5,1432.9077305588967,2,0,0,163198.03325640783,0
24,4221,15757374,Toomey,794,Germany,Male,31,3,154674.62305895973,2,0,1,7410.03876004962,0
25,4562,15706554,Fanucci,509,Spain,Male,58,6,119147.0916212621,2,1,1,144053.25005999097,1
26,8862,15816567,Lo,677,Germany,Male,28,2,147925.31254795523,1,0,0,181407.4127090649,0
27,7881,15699320,Wagner,589,Germany,Male,38,1,116590.48325390872,2,1,1,18404.85385138561,0
28,5331,15632102,Liang,656,Spain,Male,41,8,-1198.5626808597258,2,0,0,47462.32803846536,1
29,1506,15779807,Boulger,764,Germany,Female,59,10,128606.31476094897,1,1,0,123477.78660907596,0
30,8708,15789031,Buchanan,620,Germany,Male,28,5,-1718.0475265822029,2,1,1,188287.3365150632,0
31,6524,15660111,Mays,614,Germany,Male,44,3,104763.08348492165,2,1,0,34178.08793082449,0
32,6463,15720866,Yu,687,Germany,Male,62,4,132085.16110917574,1,1,1,192675.49468032114,0
33,7782,15771613,Zuev,616,France,Male,19,7,131469.07781327752,2,1,0,58758.6404845613,0
34,3573,15611018,Volkov,725,Spain,Female,40,1,110431.90183816914,3,1,1,16290.778794344391,0
35,3501,15648402,Kamdibe,610,Spain,Female,40,2,171140.32049930817,2,1,1,106042.77355775094,0
36,8205,15760492,Cole,607,Germany,Male,37,4,101398.800375276,2,1,0,181879.6970057996,0
37,8352,15676623,Yoo,519,Spain,Female,32,7,88706.9660258233,1,1,1,174234.43286972592,1
38,7482,15691321,Arcuri,683,Spain,Male,36,5,109446.98379021375,2,1,1,113171.78961650722,0
39,6937,15684582,Millar,483,Spain,Male,21,8,141643.97529498948,2,1,1,140657.44056817156,0
40,7304,15778226,Melvin,645,France,Male,30,10,128996.31884033211,1,1,0,126029.39773959745,0
41,4386,15614072,Boni,646,Germany,Male,21,7,153112.36733715812,2,1,1,181279.92614913476,0
42,3539,15779169,Ts'ai,591,France,Female,27,10,113041.17284120957,2,1,1,139671.37344426048,0
43,2596,15733850,Siciliani,803,Germany,Male,33,1,-148.1874056285529,2,1,1,160135.95356384164,1
44,2327,15744119,Gardner,807,Germany,Male,38,8,141373.00278406488,3,0,1,173618.77153716228,0
45,787,15760406,Lettiere,796,Germany,Female,33,3,146839.79713589363,2,1,0,107941.78640460351,1
46,7304,15743977,Baker,507,Germany,Female,36,2,84130.38939873048,2,0,1,135660.57177912327,0
47,9640,15745048,Sneddon,567,France,Female,44,2,143568.27562373865,2,0,1,184073.17341055517,1
48,8664,15791859,Collier,539,Spain,Male,25,10,164040.31275097394,1,1,1,9544.514593803915,0
49,3341,15700209,Hanson,677,Germany,Male,46,3,110733.10755416915,3,1,1,177374.655192438,0
50,606,15768851,Yeh,821,France,Female,21,3,127058.3090716578,1,1,0,146752.73616477626,0
51,8332,15577652,Tipton,602,France,Female,38,7,101495.01403072661,2,0,1,18617.310133801067,0
52,3679,15664712,Pettit,622,Spain,Female,34,9,122481.81853569477,2,1,1,55118.681603433404,1
53,7790,15650158,Zito,590,Germany,Male,33,1,-213.22322633213048,3,1,0,167278.42056525746,0
54,491,15585579,Onwumelu,763,Germany,Female,47,1,123826.36041549436,2,1,1,148442.84493113428,0
55,6294,15621446,Mazure,693,Germany,Male,30,5,143681.48838408498,1,1,0,60652.84870525985,0
56,7534,15748462,Day,624,Germany,Male,25,5,134492.59023875106,1,1,1,161743.17323242323,1
57,9503,15580842,Fu,658,Germany,Female,27,3,115137.32949483668,1,1,1,31503.794194945098,0
58,4368,15627891,Copeland,515,Spain,Female,22,4,431.01778050547347,1,1,1,122754.73965077681,0
59,8258,15611971,Dyer,553,Germany,Female,44,1,305.1807850832852,2,0,1,38188.206668432256,0
60,5499,15732316,Woronoff,731,Spain,Female,28,5,124148.20482649835,2,1,1,98528.04911934532,0
61,9686,15591323,Ch'iu,559,Germany,Male,47,1,-1511.5246940653035,2,1,0,118240.08391408918,0
62,9823,15617827,Walton,783,Spain,Male,53,7,119838.98019389721,1,0,1,149450.9694464973,0
63,7946,15687739,Ijendu,570,France,Female,38,8,841.9731213845708,1,1,1,181284.9009536406,0
64,8079,15762476,Bennet,810,Germany,Male,28,10,102289.87365564427,3,1,1,138074.4224605602,1
65,7635,15598977,Ch'ien,617,France,Female,31,3,111655.47941862112,2,1,1,167726.50531844774,1
66,8266,15800933,Weston,481,Spain,Female,33,2,171797.19968071906,2,0,0,39074.968803928154,0
67,3880,15645921,Chioke,653,Spain,Female,39,1,-2774.9259496024733,1,0,0,177625.07929970993,1
68,1548,15669763,Lombardi,530,France,Female,36,9,76.93207832972317,1,0,0,191643.4244917704,0
69,9425,15586255,Thao,560,France,Female,35,2,-1188.2697990617744,2,0,1,157481.7248201857,1
70,8987,15722495,Townsend,510,Spain,Male,26,3,791.1646116637306,1,0,1,118268.6417095604,0
71,3216,15740280,Beach,714,Germany,Female,36,3,167305.62418593088,2,1,0,6028.078291041606,1
72,9631,15677297,Anderson,478,Spain,Male,32,3,132712.06181920553,2,1,1,69909.85586157108,0
73,1096,15635419,Wardell,713,Spain,Female,51,4,93667.58609537674,3,1,1,99159.4231866851,1
74,955,15741148,Grubb,742,Germany,Female,31,3,118675.79666198893,1,1,1,181542.93356772515,0
75,2546,15782165,Norman,641,Spain,Male,38,9,130813.18617061451,2,0,1,146402.02775125764,0
76,1836,15790659,Kaeppel,539,France,Female,27,0,79072.52509619469,2,1,1,104840.30190283616,0
77,606,15761721,MacDonald,580,France,Female,25,5,107385.49967238365,2,1,1,182642.18516283916,0
78,5073,15718041,Rizzo,694,Spain,Female,23,7,158083.51342655416,1,0,0,180804.31928928406,1
79,7474,15746440,Wu,560,France,Female,36,3,82655.04269400987,1,0,1,1664.2630915037844,1
80,9587,15675452,Mullen,686,Spain,Male,32,6,465.27075459121266,1,1,0,179365.93904678148,1
81,9404,15669777,Singh,657,France,Female,33,3,137689.0738441047,2,1,1,123737.61756927449,0
82,2360,15592557,Castiglione,447,France,Female,48,8,126434.95351656592,1,1,0,113555.92774755468,0
83,4066,15657161,Ngozichukwuka,750,France,Female,36,3,-151.35825825844276,2,1,0,104613.16542052563,0
84,8682,15704000,Hawkins,554,France,Male,35,7,114354.06778961144,3,1,1,84865.17595969641,0
85,2855,15711761,Brennan,622,Germany,Male,31,3,97630.01924103004,2,1,1,10722.960193352295,0
86,2869,15617288,Noble,749,France,Male,32,5,116166.88507641836,1,1,0,51661.36391455519,0
87,2343,15649921,Ch'en,560,Germany,Female,42,8,110169.39620028778,3,1,1,172571.0561485175,0
88,3641,15681994,Atkins,692,France,Female,28,0,1365.1169885732209,2,1,1,131589.67544680534,0
89,8127,15626292,Briggs,699,Germany,Male,27,3,93728.21217001176,2,1,1,155600.0212617427,0
90,7680,15706652,Plumb,628,France,Male,33,3,108368.98105775997,2,0,0,97342.32042753801,0
91,4971,15702419,Fanucci,756,France,Female,30,9,128363.50558574636,3,1,1,19662.312889069755,0
92,5389,15718002,Mario,564,Spain,Male,28,4,79553.30787899214,1,1,0,111906.29126039906,0
93,3699,15590963,Bradley,709,Germany,Male,43,5,98671.89871716338,1,1,1,73054.3656160228,1
94,8471,15628174,Galloway,594,Spain,Female,41,4,432.9914970834943,1,1,1,141402.3935875038,0
95,8083,15609365,Murphy,591,France,Female,32,2,120411.90020117546,2,0,1,47362.84720485214,1
96,9992,15580435,Martin,675,France,Female,33,9,112781.98865584098,2,1,1,109124.44364764463,0
97,2589,15639736,Fallaci,589,France,Female,36,7,126629.73339659536,2,0,0,184849.51536153766,0
98,1057,15648716,Walton,527,France,Male,26,2,352.8052424705806,1,0,0,55368.97520900666,1
99,4582,15602446,Baker,865,Spain,Male,31,3,115126.4243513083,3,1,1,184982.4455905255,0
100,3830,15801045,Hope,628,France,Female,46,1,130564.13654834722,3,1,1,14890.665072175125,0
101,2027,15698998,Wilhelm,558,France,Female,26,8,118903.91363597827,1,0,1,117431.65328508326,0
102,9533,15724416,Onwudiwe,744,Spain,Male,46,9,75548.62698319332,1,1,1,55405.66136214412,1
103,3903,15604246,Nkemakonam,815,France,Female,31,8,172610.7975945833,2,1,0,185710.83715270978,0
104,7623,15754201,Abazu,640,France,Female,26,7,-2082.6388533236627,2,1,1,198811.0820828095,0
105,4812,15808014,Bibi,734,Germany,Female,30,5,956.1704493046581,2,0,1,155727.9597621969,0
106,8229,15806418,Byrne,761,Spain,Male,41,9,180749.58663490228,2,1,1,42060.72176111578,1
107,8271,15701731,Welch,566,Germany,Female,43,3,142501.8420364438,2,1,1,199033.35932536065,0
108,9756,15581866,Oluchi,580,Germany,Male,28,1,-320.1155519909525,3,1,1,58408.13792719461,0
109,7712,15692994,Arnold,738,Spain,Female,39,1,136317.7494332423,2,0,1,9128.565754169082,0
110,2371,15599068,Nwokezuike,612,Spain,Male,30,6,136092.4457360012,2,1,0,56327.56476401282,0
111,2531,15717231,Ponomarev,607,Spain,Female,42,3,119155.08395261326,2,1,1,8601.38547077599,0
112,925,15649557,Muecke,532,Spain,Male,63,8,127251.65445219015,2,1,1,152099.93435264824,1
113,3436,15689378,Goliwe,520,Spain,Male,39,3,121952.83337006655,1,1,0,163487.88139221517,1
114,8368,15612654,Ku,718,Spain,Female,57,7,144937.8061120091,1,1,1,136276.77542943688,0
115,9601,15611386,Lai,597,Germany,Male,50,4,101942.86063894519,2,0,1,182366.47962279545,1
116,3180,15654489,Obiajulu,632,Germany,Female,31,9,130466.33959684848,3,1,0,154470.26790046232,0
117,7381,15777372,Tien,833,Germany,Female,42,8,236.39591824328753,2,0,0,153493.54784128108,1
118,6264,15610727,Guidry,555,Spain,Female,35,7,134898.55543110397,2,1,1,5555.369430348768,1
119,4526,15614319,Christie,686,Spain,Female,36,2,133515.1954093352,1,1,0,146836.6279942166,0
120,7645,15631538,Verjus,696,France,Female,27,1,1039.7216619208561,2,0,1,182625.86374201105,0
121,7801,15803976,Niu,637,Germany,Male,36,9,193642.02285303158,1,1,1,144294.72796849156,0
122,3401,15794628,Tsao,592,Germany,Male,33,4,157093.15156701385,2,1,0,65448.79617830378,0
123,9145,15759625,Lai,543,France,Female,28,1,116706.19629308772,2,1,1,57952.44590823151,0
124,9495,15806020,Bishop,629,Spain,Male,64,3,3830.0734442169232,1,0,0,152176.29323355065,0
125,6682,15747025,Gartrell,721,Germany,Male,32,6,-328.06639776913875,2,1,1,115693.15410488767,0
126,6191,15661794,Allan,858,Spain,Male,62,3,111933.74042602791,2,1,1,122843.97227361103,0
127,5566,15700663,Fang,682,France,Female,30,2,-875.6202726311377,1,1,1,155606.1195724407,1
128,1464,15686001,Hall,592,Germany,Male,41,0,133267.32377095733,1,1,1,105858.68053984042,0
129,3695,15634732,Chinomso,741,Germany,Male,42,10,134836.4855127229,1,1,1,178066.90092896335,0
130,6833,15654382,Pisano,674,France,Female,25,6,107314.31075166709,2,1,1,74675.41137411028,1
131,8988,15608732,Diribe,613,Germany,Male,36,3,126022.80792670816,2,1,0,46940.64802407865,0
132,1850,15653208,Maslow,760,Spain,Female,56,6,109357.86256503694,2,1,1,9640.390579955958,0
133,8188,15729683,French,614,Spain,Male,27,10,133697.2599136236,2,1,1,51821.40029039375,1
134,292,15723713,Higgins,608,Germany,Female,35,5,104987.84708867637,1,0,1,45645.77681548732,0
135,1586,15652588,Harrison,582,Germany,Female,52,9,124011.23005394515,1,1,1,51043.72904393303,0
136,8989,15629817,O'Neill,570,France,Female,35,6,-74.94453766982437,2,0,0,79381.59133500233,0
137,4462,15770623,Gidney,543,Germany,Male,41,5,145428.45921442096,2,1,1,46286.07781094784,1
138,2551,15717868,Teng,634,Spain,Female,28,6,101758.8793028582,2,0,0,132485.78435617452,0
139,9327,15653969,Hall,595,France,Female,32,9,121716.67396102299,2,1,0,161407.19654248128,0
140,9499,15666912,Gordon,791,Spain,Male,30,9,111938.68970127775,1,1,0,14254.537524398875,1
141,3399,15619855,Mazzanti,725,France,Female,42,10,141392.13940369108,3,1,1,185052.61288927772,0
142,9107,15628679,Gambrell,633,France,Male,41,8,100668.63370501698,2,1,1,151191.3615676245,0
143,6958,15680376,Loggia,761,Germany,Female,43,9,71748.25850366482,1,0,0,182087.93435879773,0
144,6431,15693053,Adams,514,Spain,Male,34,4,123408.60185481035,2,1,1,200651.2155318632,1
145,7335,15755023,Bartlett,609,Germany,Female,46,10,82812.4048827082,1,1,0,107699.72323425284,0
146,618,15671811,Doherty,696,Spain,Female,37,4,142347.16531106783,3,0,1,124163.62253684034,0
147,2596,15811026,Onwudiwe,655,Germany,Female,36,7,101918.74379603507,2,1,1,13061.86837878327,1
148,7655,15582980,Ts'ui,831,Spain,Female,38,8,425.79703469454216,2,1,1,5891.869308508801,0
149,1412,15788836,Vida,622,Spain,Male,39,3,107011.25150259075,2,1,0,162879.325147374,1
150,5191,15808370,Neumann,553,Germany,Male,39,1,128329.43077735406,3,1,1,94422.91685150981,0
151,8996,15633545,Brown,671,Spain,Female,40,3,411.1216800173087,2,1,1,37879.39900016291,1
152,8699,15618672,Wood,829,Spain,Male,48,8,100233.27305476609,3,1,1,19859.99470143373,1
153,2860,15622249,Ho,584,Germany,Male,44,9,104392.77817205004,1,1,0,4288.945218621771,0
154,5946,15797296,Chiazagomekpele,451,France,Female,39,7,151906.7601752826,2,1,0,192306.48948271517,0
155,8011,15716642,Degtyarev,688,Spain,Female,28,8,103189.76988156412,2,1,0,87963.61291633549,0
156,1120,15757637,Hartzler,588,France,Female,37,8,139415.8912180351,2,1,1,165515.3030746305,1
157,9674,15730773,Sullivan,635,Spain,Male,43,5,129639.98271632331,2,0,0,88689.78942232204,1
158,8227,15617923,Onuchukwu,746,Germany,Male,33,5,196494.85103587754,2,1,0,17129.833631772737,0
159,8073,15585444,Chiang,579,Spain,Female,34,7,117490.356089323,2,1,0,3804.479835699174,1
160,9050,15588945,Zuyeva,723,Germany,Male,39,7,87707.13399115196,3,0,0,142200.12476499568,1
161,8735,15657614,Taylor,740,Spain,Female,30,10,80635.46760569292,3,0,1,121180.71834627051,1
162,9975,15694485,Kazantseva,682,Spain,Male,30,9,64108.55598737877,1,1,0,137936.9227607259,1
163,3196,15631479,Marian,628,Germany,Female,53,4,125223.5971679491,2,1,1,182018.14115348473,1
164,8008,15632750,Chienezie,683,Germany,Female,29,8,148355.31777636724,3,0,0,121607.98713238485,1
165,1464,15585319,Macartney,529,Germany,Male,39,7,-1797.8488000329107,2,1,0,94962.14913074338,1
166,9618,15746518,Wilson,590,France,Male,49,2,1030.698887659761,2,1,1,104083.65989761299,1
167,5160,15673764,Lipton,745,France,Female,57,6,1605.9269504794784,2,0,1,149791.88445003334,1
168,4479,15798756,Pearson,522,Spain,Male,34,3,115088.05326936927,2,0,1,177864.62266065576,0
169,9647,15758013,Clements,619,Germany,Female,34,1,115201.10057344782,1,1,1,134469.24121734436,1
170,9590,15700458,Campos,615,France,Male,56,3,103988.14225791313,1,1,1,13015.7970798856,1
171,8693,15751757,Pisani,614,Germany,Male,51,2,148792.85896802298,1,1,0,191482.81264654634,0
172,5125,15797614,Howells,570,Germany,Male,30,9,1474.0842489268764,2,1,1,67375.14393004893,0
173,6539,15744832,Sharwood,560,France,Male,38,2,118867.46598874356,2,1,1,151852.99504175372,0
174,7641,15720335,Williamson,608,France,Female,25,1,45.81598659853853,2,1,1,92774.85299613587,1
175,8938,15712898,Hunter,694,France,Female,28,8,129293.42787144634,1,1,1,137227.2570154702,1
176,1576,15714127,Milne,620,Germany,Female,29,4,104257.69805657295,1,1,0,183932.13172123575,0
177,4008,15764008,Chandler,804,Spain,Male,39,3,1842.1521745386779,2,1,1,195351.93588841415,0
178,4402,15586289,Chiedozie,479,Spain,Female,39,5,643.5171550253415,2,0,1,9670.111643055188,0
179,9715,15604433,Clark,836,Germany,Male,40,1,115537.87356219084,1,1,1,93610.29368626159,1
180,440,15672746,Chiemela,689,Germany,Female,41,7,75315.49764231074,2,1,0,124101.50676647181,0
181,4177,15684272,Lavrentiev,501,Germany,Male,31,8,137357.27294889634,2,0,0,20109.089131197325,0
182,2301,15758448,Cheng,638,France,Female,29,6,109303.5475332051,2,1,1,189737.51056087008,0
183,4744,15614018,Jamieson,542,Germany,Male,33,5,88164.71430979062,1,0,1,190974.58705215433,0
184,4992,15694970,Gray,587,Spain,Female,35,9,160128.52750031612,2,1,1,184767.35899185014,1
185,8494,15700971,Ibekwe,788,Spain,Female,33,4,131433.7069815425,2,1,1,159762.4383623007,1
186,7914,15584810,Todd,632,Spain,Male,35,8,2609.214919192479,1,1,0,194725.9874169798,1
187,5790,15775867,Barry,611,Germany,Male,34,8,102946.52323085189,2,1,0,189250.4091272792,0
188,8887,15620514,Edmondstone,592,Germany,Female,22,3,112784.68378339338,2,0,1,159366.48869027995,0
189,2730,15704266,Beneventi,629,Germany,Male,64,4,79992.51254646889,2,1,1,116684.22506090558,1
190,555,15732197,Boucaut,688,Germany,Female,50,8,127058.38797442107,2,0,1,116151.76432227192,1
191,9231,15617763,Vachon,579,France,Female,35,3,124438.74317550959,1,1,0,182411.15402417709,0
192,9312,15583216,Obiajulu,775,Germany,Male,57,3,133618.40487287557,2,0,0,93120.61120937923,0
193,4161,15767562,Wakelin,705,Germany,Male,34,2,549.7520875672724,2,1,0,103869.43203794613,0
194,9737,15634603,Pugliesi,758,Germany,Male,37,3,-712.0114749877929,2,1,0,147352.8410118494,1
195,9495,15809416,Milne,742,Germany,Female,40,7,120619.29683995081,1,1,1,181318.54273387202,1
196,5750,15631201,Read,749,France,Female,25,4,669.6269273178158,2,0,1,92583.86329480053,0
197,6209,15682437,Benson,537,Germany,Male,39,9,103959.13060491289,3,0,0,189776.22899816796,0
198,7830,15691544,Moss,657,France,Female,28,9,111145.6242539257,2,0,0,128277.32873402126,1
199,1616,15600358,Yuan,733,France,Female,35,5,146788.57160544998,2,1,1,157332.1524447944,0
200,8635,15670001,Muldrow,811,France,Female,23,3,-1049.7128890276203,2,0,0,111566.0087130324,0
201,1067,15688697,Yuriev,836,Germany,Male,35,2,116852.86373579271,2,1,1,98924.43409069006,0
202,1089,15808416,Pirozzi,773,Spain,Female,41,8,148675.57411754451,2,0,1,154581.11368960323,1
203,1381,15578308,Mack,540,France,Female,39,4,123160.02681183527,1,1,1,162571.07920807786,1
204,9579,15748483,Macarthur,470,Spain,Male,40,2,101344.34018461844,1,1,0,170366.86148881092,1
205,4850,15580640,Nash,658,Spain,Female,26,8,1604.7902345725136,2,0,1,44204.18451241737,1
206,3496,15680508,Shipp,465,France,Female,21,5,309.11821142043,2,0,0,174112.2566966393,1
207,8478,15651008,Chidimma,602,Germany,Female,31,8,99502.1022648983,2,1,0,56133.29395706964,1
208,8619,15600574,Konovalova,535,Germany,Female,38,7,128.5804818911416,2,1,1,134197.29689615907,0
209,1543,15781155,Meng,734,Germany,Male,23,9,118269.21052564123,1,0,0,154158.49905091152,0
210,7989,15639521,Ajuluchukwu,706,Germany,Male,47,3,124007.04762132847,2,1,1,160589.73677311608,0
211,6663,15620221,Chimaraoke,591,France,Female,35,4,126604.71706831545,2,1,0,100611.13598740197,1
212,4875,15594156,Kershaw,635,France,Female,29,10,1251.617055190631,2,1,1,49789.69000467409,0
213,9227,15747503,Small,723,Germany,Male,25,10,83008.79199131789,1,1,0,150239.2732191987,0
214,7499,15687559,Gregory,516,Spain,Female,50,7,133077.54342674726,2,1,0,111840.2605069615,0
215,5007,15770947,Yevseyev,556,France,Female,37,4,140687.01766640635,2,1,1,126510.8954397379,1
216,9611,15790956,Hill,643,Germany,Male,49,1,110243.14964561789,2,0,0,102793.4142650053,1
217,3834,15756344,T'ao,652,France,Female,35,7,123851.75234799541,2,0,1,151695.97294122173,1
218,2647,15612693,Siddons,550,Germany,Female,24,4,-1412.647732476675,1,0,0,185825.78955723552,0
219,8412,15688779,Mistry,600,Germany,Male,35,4,117272.00349785732,1,1,0,16548.48415511559,1
220,1997,15721915,Gibson,632,Germany,Male,43,5,69247.32642587455,2,1,0,51031.774174431834,1
221,5023,15694222,Shih,619,Spain,Male,47,10,105087.26607208769,2,0,1,168720.93310130655,0
222,8628,15746865,Tseng,741,Germany,Male,25,5,98287.54345239743,2,1,0,187238.90075953008,0
223,7769,15624378,Udegbulam,504,Spain,Female,23,4,92688.58125957882,2,0,1,141292.11226650147,1
224,2970,15595600,Streeten,705,Germany,Female,36,6,-1504.2859227545366,3,1,1,38104.34079001441,0
225,8292,15686528,Williamson,711,Germany,Male,54,8,132252.91846726064,2,1,1,196582.78430655482,1
226,9441,15658635,Osonduagwuike,710,Spain,Male,26,2,106860.53436038154,2,1,1,166235.60269650278,0
227,2231,15705288,T'ien,753,France,Male,27,4,116122.7635562054,2,0,0,47182.4203743602,0
228,3391,15657312,Evdokimov,773,France,Male,43,10,76299.76279011017,2,0,1,116679.98868101597,1
229,9263,15671552,Yang,658,Germany,Male,68,10,96512.99786750392,2,1,0,9659.358012559562,0
230,2456,15768845,Murray,520,France,Male,28,1,133849.00639630065,2,1,0,190786.62146629085,0
231,1765,15660209,Everett,633,Germany,Female,30,8,78125.74031972687,1,1,1,142010.44539594656,0
232,8446,15621981,Tucker,682,France,Female,30,3,143274.02469636302,2,1,0,134340.08417956735,0
233,2640,15647294,Berkeley,602,Germany,Female,40,9,137354.9461627512,2,1,0,119128.19147715125,0
234,8948,15678285,Wilkie,613,France,Female,43,7,113818.57979860024,2,0,1,172084.56518120234,1
235,5826,15643760,Houghton,768,Spain,Male,37,3,163286.08836527486,2,0,1,177377.95055795234,0
236,1574,15629700,Pai,592,France,Female,29,7,90635.46627910133,2,1,0,192007.5492039577,0
237,8057,15637704,Sheppard,683,Germany,Male,34,9,105720.70967689529,2,1,0,172627.20595169018,0
238,9024,15715296,Storey,666,France,Female,27,5,125675.99401884495,2,1,1,19711.570781553168,0
239,9566,15622162,Feetham,666,France,Female,34,2,115667.80177501499,2,0,1,122479.56180595452,0
240,3370,15719028,Lupton,657,Spain,Female,35,1,112196.4082966486,2,1,0,186369.49995846313,0
241,2484,15757500,Distefano,636,Germany,Female,48,10,100147.98852688131,1,1,1,168288.60692275665,1
242,4431,15671464,Ball,514,Germany,Female,58,10,71822.593117032,1,1,1,191511.3452251061,1
243,7921,15663566,Fuller,562,France,Female,37,7,109631.38036035075,2,0,1,187414.8780278056,1
244,5542,15640454,Welch,784,France,Male,69,9,140025.35225142632,2,1,1,67731.73012124583,0
245,9413,15799319,Gray,788,Spain,Male,43,7,1100.1950460375822,1,0,1,185602.0960216819,0
246,8744,15659268,Campbell,794,Spain,Male,43,9,129912.16415672567,2,1,0,122584.33233166568,0
247,4031,15759264,Carslaw,780,Germany,Female,33,2,479.7527501248228,1,1,1,45037.645107002434,0
248,8275,15577704,Hung,465,Spain,Male,31,8,127072.6424027517,2,1,0,104173.34902551374,0
249,4012,15612879,Nwachukwu,728,France,Female,32,3,478.0879482054618,1,1,1,120147.18373779867,1
250,7319,15775578,Lu,538,France,Male,49,3,1136.2958318357107,2,1,1,89067.0486476116,0
251,7839,15752132,Baryshnikov,668,Spain,Female,30,4,370.6708639850259,2,1,1,186079.22046208516,0
252,2879,15575686,Schnaars,646,Germany,Female,67,1,-1201.7029136024532,2,0,1,181773.76853473944,0
253,2659,15603524,Sanderson,834,France,Male,40,9,2281.4136498920884,1,0,1,133610.02166066514,1
254,5976,15768590,Allardyce,748,Germany,Male,31,3,79560.18297946706,2,0,0,50557.88569995868,1
255,8246,15735101,Woronoff,618,Germany,Male,29,2,141010.61569758606,2,1,1,19141.653575218676,0
256,3003,15617463,Byrne,594,Germany,Female,39,5,134095.55937850836,1,1,0,23756.38231468708,0
257,7125,15742156,Winters,827,Spain,Male,24,3,124729.6484219134,2,1,1,138150.75503020105,0
258,6204,15600506,Kao,453,Spain,Male,41,1,58676.120239727126,2,1,0,129608.41668068357,0
259,2643,15802916,Burt,626,Germany,Male,29,6,118684.88018401524,2,0,1,196364.89214821043,0
260,5723,15593726,Marino,717,Germany,Female,26,7,132105.77253258615,2,1,0,120761.54497756937,1
261,1029,15669116,Kazantseva,496,Germany,Male,25,9,72874.29212306807,2,1,1,57123.51513430267,0
262,5713,15766388,Crawford,738,Germany,Female,33,7,91047.95296864092,2,1,1,157064.9696845127,0
263,9408,15690884,Chia,633,Spain,Male,32,3,103796.49377757426,3,1,1,163169.651915179,0
264,3606,15631401,Gerald,788,Spain,Male,42,1,132720.98801667162,1,0,0,196483.503975116,0
265,5967,15580762,Cattaneo,713,Germany,Male,51,9,116708.68164710204,1,0,1,182951.9041846927,1
266,8975,15648209,Ansell,706,Spain,Male,25,9,119988.90522413634,2,0,0,166247.82228589625,0
267,3777,15631224,Vasilyeva,596,Germany,Female,29,5,143907.097064606,2,0,1,120402.99450634414,1
268,4408,15752419,Otutodilichukwu,770,France,Female,63,6,125521.39788443742,2,0,0,51679.80410918061,0
269,9497,15612821,Newland,640,Germany,Male,33,1,129555.40621734998,2,0,1,152476.11307529756,0
270,6629,15800735,Atkinson,671,Spain,Male,46,3,154832.20531146933,2,1,1,180231.01051134497,0
271,8931,15624708,Bazarova,756,France,Female,24,2,120030.79408184176,2,1,0,124406.37701264479,1
272,7840,15568784,Tao,742,Germany,Female,41,3,-1574.6143352927388,2,1,1,185729.4160165148,1
273,9231,15755770,Chineze,550,France,Female,28,5,117769.29144489183,2,1,1,23194.23968195724,1
274,8323,15715050,Cribb,606,Germany,Male,28,4,-779.0725265901427,1,0,0,34281.08498208653,1
275,1152,15650021,Ho,706,France,Female,25,3,123464.10014545947,2,0,0,50888.278745336815,0
276,7212,15739069,Clements,729,Germany,Female,26,3,94107.29168073201,3,1,1,142669.5426605156,1
277,7570,15602398,Swinton,492,Germany,Male,44,6,168101.62232419115,1,0,1,184770.4544207426,0
278,4696,15739604,Sinclair,610,France,Male,50,5,114653.70291816162,2,1,1,39962.58438617589,1
279,6921,15610916,Sherman,511,Spain,Male,39,2,61743.457903690105,3,0,1,20127.595540758743,1
280,9775,15654959,Sun,542,Spain,Male,39,5,114779.94777497381,2,1,1,160116.0973475711,0
281,8263,15750583,Yeh,641,Germany,Female,49,9,138171.7215524187,2,0,0,148550.25180283215,0
282,6201,15620603,Romani,700,Spain,Female,35,3,88882.3324385735,2,1,1,83057.55627637114,0
283,2775,15709166,Geoghegan,644,Germany,Male,36,8,841.3881261771768,2,1,1,31134.70423449762,0
284,10171,15634797,Barnhill,590,Spain,Male,31,5,114417.56223809473,1,0,0,187383.12338266525,0
285,2860,15743522,Maduabuchim,711,Germany,Female,32,7,785.1702580124567,1,0,1,59732.01709644212,0
286,9707,15677994,Su,625,France,Female,41,3,1079.0083839768695,3,1,1,179592.46444132554,0
287,3029,15798348,Moore,549,France,Female,30,3,89523.56044180019,3,0,1,119738.96638841566,1
288,3936,15737349,Wallace,778,Germany,Female,38,9,106646.425581824,1,0,1,15000.063290115419,1
289,7926,15579263,Uvarov,598,Spain,Male,41,7,128010.16631099096,2,1,1,44669.243224983424,0
290,5760,15671911,Santana,845,France,Female,43,8,51969.14352788303,2,1,1,175027.89565606823,0
291,2280,15741575,Beavers,725,France,Male,30,3,619.9249417814007,2,0,1,180873.75923117786,0
292,652,15698405,Kaeppel,592,Germany,Male,25,4,76438.62383332757,1,1,1,40063.36543201686,0
293,5138,15783119,Shao,578,France,Female,55,8,492.66404208987234,2,0,0,199040.0683354472,0
294,5133,15693549,Smith,527,Germany,Male,36,8,1150.4838862391816,3,0,0,115055.02984877751,0
295,5642,15611785,Niu,802,Germany,Male,25,4,1621.7982056478124,2,1,1,166225.00143622793,1
296,8380,15694764,Pirozzi,579,Spain,Male,40,2,2195.2365892776315,2,0,0,110982.29029825701,0
297,949,15681948,Zikoranachidimma,602,Germany,Female,38,3,108043.42725950155,1,1,1,164775.429688874,0
298,4817,15648815,Ch'in,622,Spain,Female,42,9,1593.948519127876,1,1,1,83448.87995754242,1
299,8608,15636149,Fitzgerald,584,France,Female,29,7,109878.64353829902,2,1,1,186386.61781810093,0
300,2834,15702180,Ebelegbulam,513,Spain,Female,34,5,141869.9751731047,2,1,1,193812.15057363012,0
301,9101,15775521,McGregor,863,Germany,Female,40,9,534.5533689217675,2,1,0,184838.39998518195,0
302,9135,15592926,Wu,736,France,Female,25,2,131511.99534688384,2,0,0,73001.1001588942,0
303,7975,15804441,Foran,796,France,Female,34,10,76965.82426266657,1,0,0,9908.014311059935,0
304,1752,15804287,Lin,834,Germany,Female,57,6,147887.2297710498,1,1,1,107316.41755887662,1
305,5851,15632333,Golovanov,597,France,Female,26,9,96549.29931306062,2,1,0,25807.423761109218,1
306,3884,15657459,Mironova,745,Germany,Male,41,9,144740.24806199662,2,1,1,152671.7511681138,0
307,9179,15714215,Calzada,705,France,Female,52,8,934.8874869036566,3,0,0,187001.53999650275,0
308,4709,15742316,Toscani,708,Germany,Male,44,2,81913.60590604419,2,1,0,44415.47740514878,0
309,2546,15722434,Cheng,733,France,Female,20,7,100737.85697050493,1,0,1,144362.2420956711,0
310,9339,15620783,McIntyre,530,Spain,Male,34,5,76266.00682308915,3,0,0,192315.73576664866,1
311,9690,15632689,Ibezimako,619,France,Female,38,2,-1830.0822072261724,2,1,1,51771.33208871192,1
312,7655,15651957,Chinwendu,718,France,Male,38,7,96258.8732827222,3,1,0,42959.64467647075,1
313,1541,15580289,Adams,783,Spain,Male,45,8,102631.20707970015,2,1,1,99171.18710537213,0
314,8747,15707082,Ponce,488,Germany,Female,42,1,112724.57184844915,2,1,1,191283.29191781642,0
315,1586,15620125,Yao,727,Spain,Male,52,1,111518.52031157797,2,1,1,8713.560403550815,0
316,9218,15692166,Cavenagh,592,Spain,Female,24,7,138803.44363769883,1,1,1,9451.009500506154,0
317,8928,15756678,Barber,604,Spain,Female,45,2,152005.59755835665,2,1,1,108248.29674364052,0
318,5856,15716921,Abdullah,636,Germany,Male,32,6,116855.47315932639,3,1,1,9594.130930978201,0
319,3640,15578679,Lord,726,Spain,Male,32,4,82600.75135261723,2,1,0,124242.96494871927,1
320,5401,15687799,Kennedy,776,Germany,Female,44,7,-2119.253926000061,2,1,0,81229.33351301312,0
321,8272,15618252,Alekseyeva,759,France,Female,40,3,117309.91998681118,2,1,0,205939.73677259445,1
322,4462,15597487,Colon,589,France,Female,36,6,129261.2689616774,1,1,0,20540.669868402074,1
323,7975,15665858,Chukwudi,810,Germany,Male,45,2,95192.70438986571,1,1,1,164415.5168581037,0
324,5127,15747979,Osinachi,837,Germany,Male,33,8,120.56352749520637,2,1,0,43532.997189838934,1
325,8653,15743395,Nnaife,583,Spain,Male,43,3,518.8877795716415,2,0,1,61210.93222807532,1
326,5960,15573406,Warlow-Davies,596,Germany,Male,28,2,118528.83091555524,1,1,1,48556.35210143568,0
327,3548,15670399,Benjamin,657,France,Male,28,4,114206.78296925077,1,1,1,158729.05013768788,0
328,7320,15612169,Walker,697,Germany,Male,26,3,93696.05790696102,2,1,1,115215.63463785526,0
329,1646,15733063,Donnelly,485,France,Male,25,2,-1096.341141903855,3,0,0,138945.05442453682,0
330,9343,15638629,Campbell,609,France,Female,39,9,126066.94272882689,2,0,1,54994.45379393643,0
331,4057,15710660,Ma,759,France,Male,29,9,332.08738397192883,2,0,0,119159.29974507242,0
332,7430,15619726,Fallaci,746,Germany,Female,30,2,63258.02968018742,2,0,0,118494.7642327009,0
333,7482,15678373,Milne,735,Germany,Female,30,10,135963.7253062326,2,1,0,27513.2777794394,0
334,4836,15666379,P'an,722,Germany,Female,37,3,102225.89993892821,2,0,1,165145.56767674003,0
335,5362,15655887,Azubuike,577,France,Female,48,3,101751.00420293855,2,1,0,53265.2838238506,1
336,9274,15655248,Osorio,661,Spain,Male,34,8,128304.31489870734,2,0,1,183250.06158489265,0
337,4707,15702768,Davidson,734,Germany,Female,28,6,99745.27077768577,2,0,0,133395.07231558763,0
338,8635,15679086,Szabados,848,Germany,Female,39,9,132779.42007024775,2,1,0,119595.45358962775,0
339,2484,15638677,Willis,766,France,Female,40,4,97263.18521689702,2,1,1,19869.607509982732,0
340,7532,15711239,Glover,785,Spain,Male,44,3,122386.90909084081,2,1,1,30778.36822707748,0
341,9692,15676239,Nolan,681,France,Female,61,2,121210.09162344251,2,1,1,189829.3167826621,0
342,2418,15706139,Greene,638,Germany,Female,36,1,116732.94979356899,2,1,0,138665.60142292097,0
343,5400,15699227,Kinney,643,Spain,Male,34,6,139199.19761978096,1,1,1,71505.1762824203,1
344,2642,15678640,Koehler,608,France,Male,31,3,147796.2694278739,3,1,1,140135.8522755835,0
345,9177,15720528,Robertson,676,Spain,Female,31,1,127280.44386635083,2,1,0,155155.42331960791,0
346,9464,15617885,Longo,555,France,Female,40,9,83.02524014264749,2,1,0,28616.301175981695,0
347,8316,15632638,Odinakachukwu,644,France,Male,33,1,116066.93657250359,1,0,0,180492.8924290068,1
348,2606,15576390,Otitodilichukwu,863,Spain,Male,32,3,138982.36821097313,2,0,1,180687.9150714287,0
349,4328,15646626,Ukaegbunam,635,France,Female,35,10,-678.3272992534337,2,0,0,133299.30517793144,0
350,7779,15788800,Genovese,735,Germany,Male,75,5,148718.40571266448,3,1,0,2881.741782110965,0
351,2525,15613209,Duncan,549,Spain,Male,34,1,166123.84553957795,2,0,1,175711.48327632798,0
352,4401,15658860,Nwokike,704,Spain,Male,27,4,121026.89290719645,2,1,0,183463.41648286727,1
353,4093,15608319,Teague,715,Germany,Female,32,3,-655.925041128975,2,1,0,173376.58118474667,0
354,7685,15680330,Niu,741,Germany,Male,26,3,-1169.058076906576,1,1,1,4944.198340626561,0
355,5351,15703024,Anenechukwu,540,Germany,Male,28,3,80500.75882053634,2,1,1,14229.517806072741,0
356,2495,15582895,Chukwuemeka,524,Germany,Female,24,6,130107.8301597246,1,1,1,76980.83336987092,0
357,4551,15624351,Tung,790,France,Female,38,1,95026.61017658093,2,1,1,121217.72930256123,0
358,3452,15770041,Randolph,546,Germany,Female,38,5,92674.57912383926,2,1,0,67263.46954372332,0
359,9472,15762382,Kodilinyechukwu,582,France,Female,35,1,95783.66440368693,1,1,1,93550.10217787031,0
360,9920,15621409,Yuan,594,France,Female,34,8,-572.6551449031833,2,1,1,147622.33156209832,0
361,7324,15597448,Sal,839,Spain,Male,68,4,2276.9014308988453,1,1,1,184978.38111211368,0
362,9541,15710872,Chang,754,Germany,Female,32,2,122641.06063399454,1,1,1,134605.49237974794,0
363,2093,15600308,Pisano,623,Germany,Male,47,5,130541.77192065098,2,1,1,107066.5636475013,0
364,2404,15796475,Townsend,542,Germany,Male,24,8,60229.348851690855,3,0,1,93946.46046958845,1
365,4549,15712504,Clark,679,Spain,Male,41,10,120502.02127294653,3,1,1,48391.31507699378,1
366,3186,15654468,Barnes,681,Germany,Male,25,9,119409.0329414286,1,0,1,151094.52929975293,0
367,9353,15632580,Gilbert,532,France,Female,34,8,117125.27520063467,2,1,0,193076.89019755446,0
368,8332,15689814,Stewart,637,France,Male,34,5,132448.47838188388,1,1,1,156295.88297262645,0
369,2073,15598100,Wu,541,Spain,Female,25,10,89404.75789604377,1,1,1,120058.44980734811,1
370,7705,15600548,Waters,729,Germany,Female,41,1,184228.62432128887,2,1,0,183812.96738938976,1
371,2150,15732020,Moss,522,Spain,Female,40,3,133721.26773119415,1,1,0,156714.56030955884,0
372,9217,15656711,Fyans,595,France,Female,40,4,86870.96370031439,1,0,0,74011.10457431775,0
373,1052,15620633,Begum,705,Germany,Male,25,4,138120.22244467706,1,0,1,77441.86995197416,1
374,3857,15708331,Lo,559,Germany,Female,38,4,106274.61327066662,2,1,0,34466.262892915096,0
375,5146,15670782,Lees,673,France,Female,47,6,-2385.5161461375833,2,0,0,21044.487787399717,0
376,2242,15634625,Voronkov,753,Spain,Male,42,8,119760.68934706552,3,1,1,183796.53597984972,1
377,7145,15667265,Chinwenma,610,France,Male,38,0,105138.7065339938,2,1,0,93459.99758799886,0
378,9690,15588558,Akudinobi,547,Spain,Male,48,7,73275.81020373698,1,1,0,113269.34582464607,0
379,8614,15720760,Johnstone,669,Germany,Female,29,1,118856.77155560025,1,0,1,54838.33419854843,1
380,4727,15777317,K'ung,553,Germany,Male,33,9,123672.64128184819,2,1,1,108407.35086156362,1
381,10000,15738278,Nnamutaezinwa,653,Spain,Male,62,6,120020.14893473493,2,0,0,24148.641412393776,0
382,7000,15607953,Abramovich,718,Germany,Male,38,1,-460.7127031522241,2,1,0,175225.37812823034,0
383,4284,15576730,Ts'ui,801,Germany,Male,43,9,-1690.1176876448922,2,1,1,162314.45257232507,0
384,7270,15631964,Loggia,794,France,Female,26,2,78979.30381152286,1,1,1,199989.4788429514,1
385,7310,15674201,Aksenova,545,France,Female,46,0,138853.16309997826,1,1,1,164112.74534941802,0
386,4511,15753430,L?,625,France,Male,42,6,116351.76357646965,2,1,0,165970.4042348704,1
387,821,15757219,Frolov,627,France,Male,30,7,760.9396146162055,2,1,1,6475.162847761811,0
388,5515,15614569,Kibble,710,Germany,Female,33,3,112455.4807777081,2,1,1,93264.56003808396,1
389,6381,15705738,Ch'eng,593,Germany,Female,37,9,151733.86758090474,3,1,1,67830.78531677206,0
390,9919,15582972,Obinna,431,France,Female,40,3,156521.55554368146,1,1,1,189975.3817920562,1
391,1143,15801204,Ukaegbunam,724,Germany,Female,57,5,136935.4714141656,2,1,1,81763.02430516102,0
392,4626,15589987,Loggia,795,France,Male,37,1,131327.22470676134,2,0,0,163149.63733988942,1
393,9392,15782276,Metcalf,660,Germany,Male,23,5,336.4350409507456,3,1,1,121695.50036315469,1
394,4128,15766344,Hunt,612,Germany,Female,36,3,109047.6555454081,2,1,0,105593.98515992548,1
395,2356,15619046,Molle,546,France,Male,40,5,88389.80060251018,1,1,0,180157.41480417523,0
396,7144,15787548,Bischof,662,France,Female,28,5,1949.8873973070745,2,1,1,148042.2893628071,1
397,5969,15709173,Trentino,491,Spain,Male,30,7,144702.87362122253,2,1,1,9585.182853327235,0
398,2564,15811489,Langdon,560,Spain,Male,41,1,91618.22936301155,2,1,0,109889.20609527324,1
399,7745,15638932,Okechukwu,541,France,Female,42,1,126063.4804446328,2,1,1,185666.0329119138,0
400,7573,15594222,Milanesi,538,France,Female,37,3,121199.20655819884,2,0,1,113753.0601774153,0
401,3322,15754533,Matthews,715,Germany,Male,29,7,1851.645195888276,2,1,1,126783.1169004481,1
402,7791,15717589,Dowse,687,Spain,Female,44,2,148815.0701108227,2,1,1,105957.93073371293,0
403,3750,15722312,Ginikanwa,598,France,Female,34,6,112194.23587470048,2,1,1,125980.96454277232,0
404,2535,15664407,Clark,644,Spain,Female,39,7,-68.58540610989968,2,1,1,129538.09193606398,1
405,5160,15796175,Campbell,631,Spain,Female,40,6,116077.58110353615,2,0,1,3347.768561500976,1
406,9453,15654447,Neumann,739,Spain,Male,46,4,1048.5887310585779,3,1,1,13793.919462051492,0
407,6851,15682661,Jideofor,603,France,Female,40,5,153524.6018115267,2,1,1,148203.45989680194,0
408,3988,15704247,Daly,808,Germany,Female,38,1,109716.11367363307,2,1,1,186266.1474833033,0
409,5292,15777056,Bradshaw,597,France,Female,35,1,134351.8037256577,2,0,0,104504.3757851799,0
410,1272,15797303,Le Gallienne,640,Spain,Female,47,8,114072.604702832,1,1,1,54881.2149253197,0
411,1918,15699027,Benford,755,Germany,Female,34,4,66334.41840724248,2,1,1,179330.29185592636,0
412,8662,15598372,Monaldo,649,France,Female,34,3,123386.6347066737,1,1,0,194578.44886018525,0
413,9426,15779238,Sargood,622,France,Male,43,8,102652.11982510277,2,1,1,16501.86606144696,1
414,7567,15738359,Miah,848,France,Female,26,1,127744.40046872661,2,1,0,115710.10187747305,0
415,3385,15792867,Watkins,766,France,Male,34,1,720.2076534593654,2,0,0,43425.22138152049,0
416,2876,15601865,Fang,544,Germany,Female,68,0,79832.42209801954,1,1,0,165874.23341825747,1
417,4668,15690606,Onuoha,754,France,Male,38,2,95708.73181633765,1,1,1,94238.28134563973,0
418,4575,15647886,Kuo,525,France,Female,32,1,-378.4560646227527,2,1,1,85218.9411674223,0
419,9840,15722197,Chinomso,766,Spain,Male,45,1,141165.8616093335,2,0,0,103573.78301777234,1
420,4903,15694569,Lassetter,553,France,Male,40,0,-846.8920412384657,2,1,0,194875.750457805,0
421,9151,15600422,Hawkins,774,France,Female,18,5,130425.10626606272,2,1,0,17584.064480300847,0
422,9350,15623807,Otutodilinna,620,Spain,Male,38,4,122813.79310506566,2,1,1,56851.374700964465,0
423,4288,15582877,P'an,732,Spain,Male,39,2,108492.9755513666,2,1,1,148415.07644828476,0
424,2006,15706568,Costa,751,France,Female,44,3,155460.48063110077,2,1,1,144363.6748754859,1
425,3152,15664095,Neumann,590,Spain,Female,46,5,97675.30685974772,1,1,1,68659.19235062519,1
426,9864,15798047,Holland,713,Germany,Female,36,1,103036.57666133821,1,1,1,38891.59131333742,0
427,6247,15657650,Windsor,813,France,Female,50,8,155153.2285383451,2,1,1,141733.83406195106,0
428,3416,15705754,Burson,732,France,Male,31,7,139.1570288682871,1,1,0,153647.36578807395,1
429,1280,15723657,Degtyaryov,683,Germany,Male,39,8,1554.7772791872494,2,1,1,132635.92119482014,0
430,7179,15678035,Ko,506,France,Male,38,8,156791.954940561,2,1,1,197866.64005169348,0
431,7129,15626898,Genovesi,531,Germany,Female,27,2,133501.70210855,2,1,0,105616.11060757031,1
432,8976,15620475,McGregor,789,Spain,Female,42,6,136491.67188638286,1,1,1,135049.39824953402,1
433,7419,15716533,Chu,772,France,Female,30,1,94271.72083441814,1,1,1,153931.51396239555,0
434,3221,15622879,Martin,628,Germany,Male,43,2,88711.92172715598,2,0,1,179495.02420977078,1
435,248,15793046,Miah,642,France,Female,49,4,139475.2201566964,1,1,0,185338.56396258587,1
436,8121,15681812,Gordon,744,Germany,Female,38,3,-1322.875067693309,1,1,1,64138.26853874537,0
437,4375,15680455,Hutchinson,558,Spain,Male,35,10,-189.34238119937206,2,1,1,61986.52431625698,0
438,2460,15586662,Evans,785,Germany,Female,46,7,115646.3300469323,3,0,1,148000.84290112634,0
439,7469,15665239,Forbes,628,Spain,Female,40,5,128693.23248398841,3,1,1,94758.54837997252,0
440,2361,15687305,Cocci,729,France,Female,41,4,817.5350016454212,1,1,1,119243.41348160035,1
441,3598,15715316,Gordon,765,Germany,Male,31,9,134692.91723661972,2,1,0,158038.83775965127,0
442,9332,15590714,Ritchie,654,Germany,Male,46,2,141156.34851471975,1,1,0,159702.44193875144,1
443,8991,15739642,Lamb,496,Germany,Male,33,3,98301.02021575559,1,1,1,163103.64652848395,0
444,2972,15712788,Martel,587,France,Female,28,8,87712.728137918,2,0,1,181955.36050075293,0
445,5722,15712505,Golubeva,617,Spain,Male,36,1,283.8513607040804,2,0,1,164880.28800056444,0
446,3867,15783752,Fuller,697,France,Male,40,8,131946.61404534418,3,0,0,78358.22707114498,1
447,2911,15791996,Yang,641,Spain,Female,37,7,105220.95172181238,2,0,0,146207.61692711146,0
448,6607,15758790,Briggs,752,Spain,Female,37,1,129275.28031257103,2,1,0,120666.19825203247,1
449,2345,15681734,Onwuamaeze,690,France,Male,27,9,116010.0655255839,2,1,1,187673.07893968627,0
450,9960,15617353,Ricci,551,Spain,Male,45,6,117093.695699303,1,1,1,129772.78980201427,0
451,8840,15628849,McKay,615,Spain,Male,37,6,92197.43221835197,2,1,0,147236.11150303713,1
452,9189,15605674,Christopher,610,Spain,Female,43,2,126449.460385594,2,0,1,177550.5358815843,0
453,9837,15632078,Garmon,641,France,Female,38,7,109537.88970550719,2,1,0,170913.8164032737,0
454,9716,15649195,Sullivan,642,France,Male,45,10,124248.78581657757,2,1,1,100955.43124770866,0
455,9262,15707055,Bair,603,Spain,Male,39,6,142345.37073390462,1,0,1,165711.0039994144,1
456,3830,15704110,Francis,607,Spain,Female,67,2,127828.03172173389,2,1,0,9036.892582727196,1
457,9394,15777300,McChesney,695,France,Female,30,1,131019.68171023781,2,1,0,162784.81746192143,0
458,4585,15656370,Lupton,771,Spain,Male,31,2,-280.37734869018624,1,1,1,181271.64083507037,1
459,5294,15657698,Gresswell,656,Spain,Female,31,1,-724.8345405740108,2,1,1,197100.25196613523,0
460,5231,15625353,Davide,763,Germany,Male,43,8,123401.91370462827,1,0,1,108592.63969676581,1
461,9513,15762374,Pinto,661,France,Female,31,7,93291.9298878668,1,1,1,17448.635846638317,1
462,3527,15793166,Kay,643,Germany,Male,29,9,150744.53411647648,2,0,1,182414.9343211379,1
463,9639,15578212,Monaldo,622,Spain,Female,47,3,113935.03315431476,2,0,0,135794.84571925114,0
464,6950,15670640,Golubev,840,France,Male,41,2,147983.9944897173,3,0,0,99526.30876276399,0
465,2488,15612900,Romano,733,Spain,Male,68,7,1029.3727027906023,2,1,0,182089.7950325464,0
466,3099,15683755,Chizuoke,853,France,Female,40,3,150112.0278619817,1,1,0,54547.86278677578,0
467,1189,15698742,Thompson,467,Spain,Male,32,2,-1141.407156637784,2,1,0,190817.09225689142,0
468,8196,15615347,Wallace,615,Germany,Male,41,1,133247.74598791866,1,1,1,29578.728777651835,0
469,5867,15644517,Greco,768,Germany,Male,40,1,102139.88488315178,1,1,0,180742.98807683776,1
470,2286,15578441,Mao,773,Spain,Female,34,8,106758.48554887559,2,1,0,97450.6216514169,1
471,9391,15694976,Lo,664,Spain,Female,31,3,146262.16640523548,3,1,1,21980.80432149949,0
472,6170,15636741,Lombardo,749,France,Female,18,5,127748.79829215488,1,1,1,198186.20878870127,0
473,6997,15570524,Gonzalez,633,Spain,Male,48,5,147140.22867347606,1,0,1,83091.60375550462,0
474,1381,15729570,Clements,587,Germany,Female,35,2,113275.41936477422,2,1,1,150625.9067633485,1
475,534,15807469,Larkin,576,France,Female,35,8,90787.29793410026,2,0,0,166370.1920806217,0
476,9895,15783325,Montalvo,643,France,Female,34,1,160666.5465076368,1,0,0,184270.95194822262,0
477,3886,15675538,Nkemakonam,772,Spain,Female,35,1,99963.93771058168,1,1,1,110311.13704613487,1
478,7655,15629095,Thomson,795,Spain,Female,49,9,148867.2775898468,2,1,1,110485.00919553892,1
479,8987,15582716,Calabresi,644,France,Male,63,2,106385.26372059956,3,1,0,192091.6203565837,1
480,2958,15774834,Douglas,642,Germany,Female,31,1,131763.86224988603,2,1,1,100498.32829253041,1
481,2152,15791538,Egobudike,643,France,Female,39,6,94970.44916616878,3,0,0,128536.14939046842,0
482,2931,15693938,Humphries,636,Germany,Female,38,5,863.2917070821832,1,1,1,131235.4639159551,0
483,5133,15734321,Harvey,646,Spain,Male,28,4,127826.58125502124,2,1,1,107615.39321650876,0
484,4351,15752586,Ginikanwa,641,Germany,Female,47,6,94411.93639925943,2,0,1,53010.107605090416,1
485,9447,15625137,Murray,671,France,Female,36,6,105356.61250560875,1,1,0,195644.94521421962,1
486,907,15701972,Bunton,638,France,Female,42,2,-1994.1384491335418,2,1,1,101134.02797665245,0
487,9171,15681694,Douglas,699,Germany,Female,38,1,120580.19924808484,2,0,1,3849.097361747914,0
488,8813,15684151,Komarova,679,Germany,Male,47,8,122830.45457236175,1,1,0,-612.360837462531,0
489,8356,15792864,Holland,838,France,Female,31,6,293.2457818577022,2,1,1,133260.4042915348,0
490,9473,15655917,Lawley,708,Germany,Female,41,7,1019.8512023769551,1,1,1,16431.975431882613,0
491,8254,15629848,Meagher,822,Spain,Male,44,2,121688.56674053792,2,0,1,112598.28161637162,0
492,6981,15799895,Wilding,525,France,Female,41,3,93464.8237355296,2,0,0,54157.542686819135,1
493,7869,15721324,Roberts,653,Germany,Male,35,5,82177.49388816113,2,1,1,141222.17605505697,0
494,3684,15764216,Gibson,707,Spain,Female,42,5,121313.36026723644,2,1,0,17141.538981085923,0
495,1343,15635048,Brown,751,Germany,Female,33,2,66422.65520645992,3,1,1,181085.40463336458,0
496,2592,15620061,Fokine,643,France,Female,58,1,97856.54358501459,1,1,1,132680.83557758716,1
497,1851,15636038,Dawson,570,France,Male,29,1,110168.64533303953,1,1,1,183922.66184381122,0
498,9209,15694978,Cunningham,761,Germany,Female,32,3,128814.62300671553,1,1,0,82999.80021832365,0
499,7754,15675612,Wilhelm,780,France,Female,28,9,125361.63093468091,2,0,1,150772.92766444632,0
500,924,15646477,Fyodorova,627,Germany,Male,26,8,123466.05186870933,1,1,1,3458.6702477344043,1
501,7209,15651272,Piccio,764,France,Female,27,2,121896.09566153554,2,1,1,16960.502853002366,0
502,8284,15746223,Chidimma,546,Spain,Male,66,7,115320.83398944786,3,1,0,171622.66277442125,0
503,9527,15606081,Hope,769,Spain,Male,30,9,115658.44021862504,3,1,1,120035.29109162577,0
504,9495,15699162,Isayeva,766,France,Female,19,7,-29.909736136892054,1,0,1,162016.7308854948,0
505,5773,15797440,Crist,620,Germany,Female,38,3,90059.06555725381,2,1,1,47378.13443065553,1
506,3379,15697009,Chukwualuka,702,France,Female,33,10,124778.07939615563,1,0,1,130408.4428125114,0
507,2972,15648196,Palmer,629,France,Male,24,8,117900.94096919328,2,0,1,187317.36309052742,1
508,9182,15623989,Milano,529,Spain,Female,29,4,95462.89220507414,2,1,1,86356.49553828595,0
509,7413,15721647,Neitenstein,626,Spain,Male,43,4,129925.18635530128,3,0,1,31345.862203848337,1
510,1367,15620619,Marsden,665,Germany,Male,32,7,-1498.754818758503,2,1,1,99385.34289194953,0
511,8032,15579475,Palermo,836,Germany,Female,44,4,535.1946371938628,1,1,0,45806.13648577727,0
512,6125,15806518,Shubina,603,Germany,Male,45,8,144309.23543700232,2,1,1,122637.03419328903,0
513,2481,15624789,Larkin,675,Germany,Female,41,1,-646.9134236146207,2,0,1,19092.091424913586,1
514,4691,15773104,Crawford,760,Germany,Female,40,0,126505.63534719641,2,1,1,124975.39213675598,0
515,6542,15776464,Williams,553,Germany,Female,33,8,280.85242228685274,2,1,0,161037.95302206167,0
516,2002,15759394,Hudson,476,France,Female,36,7,110954.57444152553,2,1,1,73262.10764210299,0
517,5277,15590768,McDowell,555,Germany,Female,30,9,-1056.7202067766161,3,1,0,152886.4582766575,0
518,5643,15705975,Dulhunty,740,France,Male,33,3,95871.48948563384,1,1,1,93027.82611072126,1
519,5386,15711125,Samoylova,599,Germany,Male,33,1,111663.66550295363,2,1,0,165225.67868658868,0
520,1150,15801945,Glasgow,714,France,Male,32,8,111496.90396319026,2,1,1,101732.14802321198,1
521,1753,15782052,Glossop,610,Germany,Female,41,4,131643.16577590717,1,1,1,72741.439346459,1
522,8032,15635360,Palmerston,661,Spain,Female,28,6,1241.2971623216229,2,0,1,178377.3791872999,1
523,5528,15638822,Tseng,595,Spain,Male,29,9,94582.97263280791,3,1,1,168179.75974647084,1
524,9798,15613983,Chu,527,Germany,Male,67,1,115274.97434578148,2,0,1,49511.91014412683,0
525,4678,15778790,Okechukwu,482,France,Male,34,5,114499.92032105302,1,0,1,157801.13891150942,0
526,4121,15614686,Ochoa,533,Spain,Male,38,5,133634.58177374327,2,0,1,181317.905100682,1
527,8660,15580359,Sugden,766,Germany,Female,48,8,117392.57730971108,2,1,1,4412.926513955241,0
528,520,15791092,Allnutt,641,Spain,Female,37,8,127607.21295072587,2,0,1,128814.82574213819,0
529,7935,15617477,Pettry,559,Germany,Male,44,8,124833.15313813249,2,0,0,174327.03794103907,0
530,9771,15713521,Siciliano,676,Spain,Male,54,2,98548.34815528984,2,1,1,180586.99967491938,1
531,623,15727782,Chang,625,Germany,Male,24,5,74812.70951170338,1,0,0,132319.48775189448,0
532,5808,15717814,Cheng,710,France,Female,29,8,-1088.8465483476464,2,0,1,183534.14645674903,0
533,9409,15593626,Russell,512,Spain,Male,39,9,191344.25772829217,2,0,1,175434.56279666003,0
534,2783,15636146,Akobundu,638,France,Female,36,10,101398.7588431413,1,0,0,118742.1274737069,1
535,8291,15807813,Sells,759,Germany,Male,24,2,-56.141743312517335,2,1,0,68953.29394374767,0
536,9172,15573449,Chuter,625,Germany,Female,35,10,93542.22938375382,2,0,0,42224.70884298843,0
537,8512,15738964,Vasin,772,Germany,Male,27,7,159272.2286529354,3,1,0,57699.496848983064,0
538,9390,15672836,Konovalova,758,Germany,Male,49,8,109536.99585876787,2,1,1,66967.67979805503,1
539,7141,15588976,Lombardo,508,Spain,Female,30,1,78572.20136749999,1,0,1,147459.07987948591,0
540,4917,15693609,Fleming,620,France,Male,49,2,-39.234158491335506,1,0,1,108974.79944683198,0
541,9287,15798919,Chukwubuikem,670,Germany,Male,30,4,122601.49646782674,2,1,1,111072.95976547885,0
542,2921,15786189,Yu,546,Germany,Female,34,3,-1610.1318385419643,2,1,1,193833.2870893277,0
543,9454,15780780,Stiles,610,France,Female,22,5,115730.89948446194,2,1,1,186953.2978059721,0
544,4531,15682017,McGregor,678,Spain,Male,34,8,124647.91024334461,2,1,0,195242.59626059062,1
545,9534,15579432,Sun,698,Germany,Female,29,7,687.2738178764224,3,1,1,136328.38720826618,0
546,9623,15687111,Muldrow,806,France,Male,59,6,106541.57287941994,2,1,1,106789.22837197066,1
547,5201,15704796,French,484,Spain,Female,26,8,132817.93880713126,1,1,1,100778.73431420412,1
548,6029,15750713,Thomson,523,France,Female,45,3,172407.19156057455,2,1,0,35572.92271415221,1
549,7938,15685640,Barlow,774,Spain,Male,32,4,103608.81967243164,1,1,0,188321.20219012455,0
550,2474,15797282,Bishop,635,Spain,Female,40,6,109808.59533567859,1,1,0,184546.1678124942,0
551,4219,15741456,Wang,747,France,Female,36,5,141420.72552267002,2,1,0,144883.23277415163,0
552,7324,15792344,Dumolo,640,France,Female,25,6,137978.01676801106,2,1,1,114165.05409859185,0
553,4438,15723774,Scott,470,France,Female,28,3,-951.6717047825546,1,0,0,119720.58680623221,0
554,6208,15630783,Fu,636,Germany,Male,52,3,546.516337413852,2,1,0,157843.7012386677,1
555,10034,15726109,McDonald,515,France,Male,35,3,97683.18514559048,2,1,1,122963.71959955292,1
556,1340,15626531,Ibrahimova,506,France,Female,23,3,107319.95460794614,2,0,0,137565.61457363292,0
557,519,15655994,Hunt,696,Germany,Male,27,3,131744.68547846965,3,1,0,124150.26097357059,1
558,3828,15659723,Allan,664,France,Male,47,3,123554.82712180898,2,1,0,18671.979758739446,1
559,5056,15808730,Tsao,787,Germany,Male,40,2,1555.3404012990597,3,0,1,174671.115176446,1
560,2137,15725395,Ma,757,France,Male,47,9,165496.43766823283,2,0,1,79565.70069156136,0
561,3940,15712715,Logan,733,Germany,Male,36,9,-280.49525299401023,2,1,0,11204.874157113081,0
562,5080,15796139,Chinwendu,533,Spain,Male,29,3,85067.9001977201,2,1,1,98682.49871674369,1
563,3436,15677477,Kulikova,620,France,Male,28,1,109696.2347285356,3,1,1,10862.070926195876,1
564,7575,15812046,Zinachukwudi,737,Germany,Female,32,3,116620.83861584311,2,1,0,193521.17468296946,0
565,2470,15651446,Chien,580,Germany,Female,41,10,-711.246748505053,1,0,1,158608.26626933416,0
566,4713,15724422,Todd,725,Germany,Male,52,3,97520.928759723,1,1,0,104697.7759650952,0
567,4828,15698194,Williamson,743,France,Female,29,6,104253.73978777118,1,1,1,17872.708370112035,0
568,6617,15706376,Williams,775,Spain,Female,28,4,109951.0811613072,1,1,1,72950.2510657867,0
569,1084,15681053,Lo,709,Germany,Female,38,1,84519.38361392968,2,0,1,169889.5424533184,0
570,1536,15731508,Beatham,618,France,Female,45,7,90195.52415779862,2,0,0,187255.06006001026,0
571,983,15741053,Wu,689,Germany,Female,33,6,123132.18840852215,2,0,0,115232.56446630282,1
572,8524,15753277,Bennetts,612,Spain,Male,35,6,112350.02603257888,1,1,1,159797.9222471685,0
573,3686,15791394,Plant,763,Germany,Male,49,8,635.3709683129924,3,1,1,169378.07688618233,1
574,3260,15635771,Edwards,515,Germany,Male,37,10,127289.91433170633,1,1,0,51746.08639644886,0
575,6115,15735542,Ifeatu,549,Germany,Male,26,6,729.7120272881034,2,0,0,176291.70633513803,1
576,3233,15723869,Robertson,546,France,Male,27,9,83483.09592819352,2,1,0,86340.0561352239,0
577,7317,15712789,Iheatu,631,France,Female,24,1,120053.34127645774,2,0,1,42640.38547390734,1
578,8250,15776502,Lo,704,Spain,Female,53,7,150028.97153378438,1,1,1,87633.7957835166,1
579,7528,15640133,K'ung,761,Germany,Male,25,6,1983.9213468383766,2,0,0,52205.57154277927,0
580,2720,15732507,Scott,530,Germany,Female,41,1,111519.80659770951,2,1,1,183417.70758491594,1
581,3110,15703861,Stanley,766,Germany,Male,24,9,148023.9967666557,2,1,1,108583.4711152442,1
582,2460,15668468,Adams,690,Spain,Female,27,4,113135.50960380776,1,0,1,105237.7834160479,0
583,8226,15711475,Daniels,739,France,Male,42,10,84209.12731943408,2,1,0,147342.6857377596,1
584,9791,15696763,Obidimkpa,495,France,Male,30,9,155793.50200777687,2,0,0,93767.59493431324,1
585,7419,15688896,L?,717,Spain,Male,37,1,168472.1675265897,2,1,0,184774.48543169876,1
586,9701,15637430,Belonwu,589,Germany,Male,40,3,-1918.365544185846,1,1,0,186282.49617530522,0
587,6859,15736984,Korovina,775,Spain,Female,41,3,90384.14007621014,1,1,0,143119.18446456658,0
588,1204,15801568,Alderete,530,Germany,Male,67,3,150898.6811174252,2,1,0,156270.0342559452,0
589,8614,15683236,Ting,653,Germany,Female,52,5,-1285.8699982119815,2,1,1,86218.63624447645,1
590,6090,15753317,Chienezie,681,France,Male,27,7,156698.2057749666,2,1,1,78415.35852622693,1
591,838,15635463,Buckley,615,France,Male,32,6,99853.31788108268,1,1,1,157258.56103728537,1
592,4497,15659845,Hao,604,Germany,Female,31,1,60887.767132673645,1,1,1,182305.9996928453,0
593,661,15715728,Lynton,496,France,Male,43,10,609.8327835585834,3,1,1,127950.4829246825,0
594,4550,15712890,Beit,847,Germany,Male,31,10,-280.8967980104783,2,1,1,135622.93058380697,0
595,2332,15632065,Vasilyev,492,France,Male,46,1,136178.93208121666,1,1,1,51227.703354540936,0
596,8890,15634093,Golubeva,629,France,Female,35,1,72668.46066240387,2,0,1,147037.3312799284,1
597,8828,15667909,Franklin,779,Germany,Male,33,4,105558.23913256096,1,1,0,185628.80727004094,0
598,8971,15613919,H?,503,France,Female,51,8,71047.78391822809,3,0,1,177874.8841539104,1
599,5268,15632800,Udinesi,585,France,Female,37,8,102836.1800186948,1,1,1,199278.2008274914,0
600,2662,15621385,Hsieh,665,Spain,Female,59,8,108060.86510480818,2,1,1,85868.0860253352,0
601,8937,15678805,Deleon,524,Germany,Female,41,8,100130.75987645666,2,0,1,62754.44453742018,0
602,7430,15652474,Olisaemeka,756,Germany,Female,46,4,133813.35317113998,2,1,1,88083.99637638086,0
603,9385,15808398,Boylan,738,Germany,Male,29,5,103483.7461668289,2,0,1,123989.24354008834,1
604,3965,15720395,Davydova,696,France,Female,24,2,135890.24277158047,3,1,1,185477.51706231825,0
605,8685,15749538,Rogova,750,Spain,Male,49,7,93382.60862577753,3,1,1,173355.0674231251,1
606,985,15634411,Layh,755,Spain,Male,35,1,113871.58945976135,2,1,1,46431.49766142937,0
607,1702,15637718,Crawford,643,France,Female,20,4,-120.50812862846165,2,1,0,152672.35057449256,0
608,2819,15633152,Browne,625,Germany,Male,59,9,98185.33087015088,2,1,0,48336.95968534889,0
609,6733,15633973,Page,626,Germany,Male,38,3,122201.11095176649,1,0,0,105770.18879227813,0
610,2667,15735398,Kelly,762,Spain,Female,46,4,158585.06320654007,2,1,1,24356.634632465197,0
611,1172,15701980,May,588,Germany,Female,28,2,104058.94415627414,2,1,1,135065.26688909705,0
612,4557,15613209,Cowen,712,Germany,Male,49,7,118351.65803421794,1,0,0,125408.73526135052,1
613,3867,15698824,Bryant,800,Germany,Male,44,2,128558.53981895202,1,1,1,186183.04769673973,1
614,3575,15796847,Salter,667,France,Female,45,2,102002.04258040726,2,1,1,105079.528200122,0
615,2433,15704811,Eluemuno,639,France,Female,24,1,132664.69776278583,2,0,1,14558.82439545777,0
616,7448,15619695,Seleznyova,684,France,Female,38,7,93127.18054189693,2,0,1,122941.3554650047,1
617,3280,15767024,Ojiofor,699,Germany,Female,45,1,135962.16315409628,2,0,1,187966.48618355766,1
618,1312,15629505,Wall,546,Germany,Male,38,3,-1835.9731652376954,2,1,1,57414.74208698734,0
619,2845,15634436,McMillan,594,France,Female,28,8,118397.05201565957,2,0,1,149708.4027905365,0
620,8570,15623013,Alekseeva,664,Spain,Male,34,8,127328.91832044882,1,1,0,182224.89259564262,1
621,1164,15619199,Diehl,703,France,Male,35,7,170621.3187925231,2,0,1,183175.95028680225,0
622,766,15583584,Anenechi,705,Spain,Female,26,8,120804.0067045909,2,1,1,66967.90881238125,1
623,7009,15687333,Barber,590,Spain,Male,30,8,110256.2189679213,2,0,1,114066.75708819441,1
624,6936,15687000,Garran,777,Germany,Male,40,3,80571.87301895765,3,1,0,160841.210367258,0
625,6700,15605254,Skelton,741,Spain,Female,30,8,143504.20567634044,1,1,1,81871.53592670716,0
626,9722,15677817,Boan,613,Germany,Male,39,7,138402.35892304638,1,1,1,88513.32638316267,1
627,9355,15615483,Shaw,680,Germany,Female,49,7,98666.71696680805,2,1,0,180609.5130082187,0
628,9393,15639026,Roberts,686,France,Male,42,5,-365.4259875580839,3,1,0,197930.8638165931,0
629,3268,15750410,Martel,798,Germany,Male,49,9,97502.70500621348,1,0,1,82576.34660692442,1
630,1149,15574165,Arbour,585,Spain,Male,42,7,130992.17745166371,2,1,1,162236.12582138047,1
631,2510,15661644,Palerma,651,Spain,Male,38,3,111338.06022804987,1,1,1,175103.89333590234,0
632,8526,15591017,Upjohn,680,Spain,Male,34,3,86200.99977382633,2,1,0,116252.91273066767,1
633,7124,15614920,Algarin,599,France,Female,19,7,120723.17279191577,2,1,0,176454.73130256712,0
634,2706,15801399,Griffin,776,France,Female,39,6,93058.73585185573,2,0,0,63990.204989268765,0
635,8493,15705068,Mbadiwe,699,Spain,Male,45,9,108336.79348804934,1,1,0,18591.643523502753,1
636,3631,15770553,Paterson,752,France,Female,28,8,90023.92929594831,2,0,1,189666.49431499845,1
637,9826,15616485,Ponomaryov,555,Germany,Male,52,1,151477.223620738,1,1,0,95660.23613937432,0
638,4023,15713061,Kepley,589,Germany,Male,24,9,145209.70936611755,2,1,1,91834.37454143079,0
639,1236,15720538,Moss,611,France,Female,34,4,135385.4615370147,1,1,1,81648.0412060978,1
640,5952,15593571,Millar,517,Germany,Male,38,5,171.28368850446566,2,0,1,190285.91186765785,1
641,9373,15589699,Schofield,696,Germany,Male,32,8,-428.01717176501586,2,1,0,180961.91489766797,1
642,2155,15724975,Mazzi,755,Spain,Female,34,8,145944.41473938155,4,0,1,169861.89308513227,0
643,6274,15668411,Forwood,679,Spain,Male,43,3,1772.1312575992429,1,1,0,104429.32966690896,0
644,1498,15711726,Fermin,656,France,Female,29,3,-1840.1518562231092,1,1,0,186469.88680647747,1
645,6407,15738283,Barlow,650,France,Female,37,5,97975.59185427723,2,1,1,130613.6595314089,1
646,8281,15585387,Lopez,629,Spain,Male,41,7,129973.41507807824,1,1,1,146878.78238673497,1
647,705,15675993,Ikemefuna,621,Germany,Female,43,3,115963.99358270521,1,1,0,331.0806569289871,0
648,3905,15738784,Dolgorukova,784,Germany,Male,38,10,146165.36332815085,2,0,0,70171.49929311726,0
649,9656,15662266,Chibuzo,756,Spain,Male,49,3,110665.24813923257,2,1,1,57904.255296119634,0
650,9894,15608350,Watt,686,Spain,Female,62,5,117393.28279324141,3,1,0,193957.91665479905,0
651,4872,15657185,De Neeve,640,Germany,Male,41,5,813.1526510988886,2,1,0,14949.04823626946,1
652,5643,15765090,Yao,795,France,Female,32,8,-224.3884629657004,1,1,1,160772.40060037843,0
653,10247,15611977,Alley,840,Germany,Male,41,5,-448.88434961752483,1,1,1,86602.48718898515,0
654,3528,15691662,Trevisan,683,Germany,Male,40,9,120778.13416190834,2,0,0,10747.58624190046,0
655,1198,15618950,Darwin,519,Spain,Male,41,5,119105.09007284115,3,1,0,183363.8889028309,0
656,678,15592535,Noble,532,Germany,Female,54,10,1908.6536272123988,3,1,0,153748.07618623614,0
657,2816,15723549,Nkemakolam,583,Germany,Female,44,1,-1133.8372061079756,1,1,0,56154.296901357695,0
658,2135,15593663,Palerma,656,Germany,Male,48,1,85479.64377434869,1,0,1,105889.13534593009,1
659,929,15634453,Bennetts,546,Germany,Female,58,5,126239.47630702032,1,0,1,91466.31493325924,0
660,9932,15590755,Pritchard,593,Germany,Female,29,3,134229.4758242019,2,1,1,126520.99761778286,1
661,2283,15661757,Perrodin,759,Germany,Male,39,2,-1106.2345338755276,1,0,1,167064.7334060518,0
662,2567,15707414,Foran,658,Spain,Male,65,7,113410.47585764923,1,1,1,23322.22616930145,1
663,8618,15664651,Dawson,787,Germany,Female,34,4,111037.82460131726,2,0,0,101609.24671377853,0
664,7843,15620037,Cherkasova,842,Spain,Male,48,3,-214.89091530437614,1,0,1,118829.77268318788,1
665,7964,15647841,Obiajulu,712,Spain,Female,43,7,80107.16758299094,2,0,1,186883.95528336288,0
666,410,15705572,Peck,757,Spain,Female,45,8,103115.59945725345,2,0,1,135949.5452777289,0
667,6961,15610491,Lloyd,697,Spain,Male,34,9,137306.75027751699,2,1,1,132310.01885195271,0
668,8468,15798482,Ugonna,690,France,Female,29,4,809.3015672162353,1,0,1,169899.31789079943,1
669,9479,15795318,Foster,696,Spain,Female,31,6,123168.68519109042,2,1,1,101367.97415163342,0
670,5602,15816069,Weber,771,Spain,Female,29,4,164136.56106454364,2,1,1,145386.50347540827,1
671,3415,15672838,Ferri,633,France,Female,29,1,101532.37528932416,2,1,0,139670.1828581537,1
672,5909,15744533,Martel,598,France,Female,36,8,155165.5375028448,2,1,1,179742.2288118431,0
673,9754,15591123,Chidi,583,Spain,Female,35,5,121654.63708514792,2,1,1,21082.991759618144,0
674,7427,15596219,Chimaraoke,436,Germany,Male,42,5,736.4606357387728,2,1,1,174129.60018539577,1
675,9807,15697774,Nicolay,712,France,Female,57,9,-73.17928832997168,3,1,1,98812.57276497598,0
676,7428,15650711,Tung,586,Germany,Male,41,8,617.5131760945055,1,0,1,115016.89872548924,1
677,1354,15773999,Gibney,601,Germany,Male,52,6,78210.49442652137,3,1,0,158568.94191442544,0
678,3325,15660465,Storey,552,France,Female,45,4,1226.782136945688,2,1,0,152419.82267063385,0
679,10260,15584234,Bermudez,597,Germany,Male,43,2,112522.34998323015,2,0,0,99801.89885289653,0
680,1989,15736054,Smeaton,634,France,Female,32,2,138402.80687322418,3,0,1,156544.81809892715,1
681,5898,15786934,Bruno,620,France,Female,46,7,83783.61364278391,2,1,1,143251.58766781387,0
682,10112,15579195,Howells,749,Spain,Male,38,7,133080.78588055316,2,1,0,170056.8414590907,0
683,9247,15662041,Lees,858,Germany,Female,29,8,139947.22365470298,2,1,1,116426.78402148432,1
684,7526,15740105,Eiland,646,Germany,Male,33,3,102711.93570697648,1,1,1,100524.36268194203,0
685,6580,15594503,Hsia,696,France,Female,37,1,-2513.883716812836,2,0,0,116403.34231023327,0
686,4445,15784815,Collins,531,France,Female,38,8,105802.36723635088,2,1,1,43272.92481196621,0
687,8157,15757901,Hyde,730,Germany,Female,33,10,-875.5438391293435,2,1,1,59206.93367584608,0
688,4789,15706173,Unwin,646,France,Female,38,3,72112.25673586119,2,1,1,158963.89901698453,0
689,6723,15638407,Thurgood,605,Germany,Male,29,3,125259.15025012172,2,1,1,41152.42084609539,0
690,1483,15689066,Kinlaw,589,Spain,Male,46,1,130848.1266810201,2,0,1,86123.12695272494,1
691,1275,15586679,Talbot,565,Germany,Female,41,7,96343.38142086317,1,0,1,97088.85806959342,0
692,3889,15676665,Campbell,695,France,Female,34,5,127972.91599704529,1,1,0,191169.66725031313,0
693,6102,15671538,Findlay,695,Germany,Female,54,5,125835.83818157132,2,1,1,84131.86234458214,0
694,2875,15577030,Blackburn,557,Germany,Female,36,3,121980.24465415678,2,1,1,191145.0177252916,0
695,868,15803090,Kao,650,Spain,Female,42,8,132731.7980303888,2,1,1,152243.05404912235,0
696,3129,15693530,Ch'in,731,Spain,Male,44,6,111260.35670709962,1,0,0,194905.14546840158,0
697,7771,15721295,Parkin,623,France,Female,31,5,73399.31718296916,2,1,1,137284.26121158985,0
698,8408,15611136,Mellor,737,Germany,Male,68,7,131880.17726697694,1,0,0,97367.93851586388,0
699,9149,15618210,Dickson,627,Spain,Male,39,9,104239.44989080896,2,1,1,114859.38445335861,0
700,1363,15732135,Pan,603,Spain,Male,42,1,128593.34407493692,2,1,1,132220.03568027116,0
701,4080,15679603,Lazarev,592,Germany,Male,46,4,103437.44534601293,1,1,1,14617.856642905026,0
702,3593,15720506,Reid,636,Germany,Male,34,3,152922.07425104151,2,1,1,192884.80771913787,1
703,9153,15607630,Ts'ao,584,France,Female,27,8,135319.10998906562,2,0,1,128603.60567229651,0
704,5276,15757160,Rozhkova,697,France,Female,37,6,105596.86729658501,2,1,1,151556.61797294414,0
705,6925,15673907,Davies,580,France,Male,36,9,-512.3197521277245,2,1,0,96778.0801130122,0
706,3594,15583182,Hsu,508,Spain,Female,39,7,210.99335157480846,1,1,1,188367.56469222956,0
707,1495,15609308,Chukwufumnanya,745,Spain,Male,51,4,701.3327378296788,1,0,1,131549.59352190237,1
708,6425,15796090,Chiemezie,771,Spain,Male,62,3,141792.3386459239,2,1,0,185389.84060590205,0
709,2953,15748290,Onyekachukwu,618,Germany,Female,42,4,93676.88019163541,2,1,0,195515.0548735915,0
710,10256,15608099,Dennys,613,Spain,Female,33,8,94306.23701080607,2,1,1,195257.4239443096,1
711,2700,15784744,Cheng,588,Spain,Male,30,5,157417.90546831037,1,1,1,14134.874263314938,0
712,2583,15622660,Hibbins,639,Germany,Female,60,4,110262.18938206183,3,1,0,49045.44299253334,1
713,8850,15623768,Duigan,679,Germany,Male,32,1,169766.87440461537,3,1,1,139564.6098696142,1
714,9115,15642657,Wright,618,France,Female,22,3,2013.2285546671746,2,1,0,13473.15540905124,1
715,4894,15641986,Fries,688,Germany,Male,25,5,122892.50484174963,2,1,1,171632.5314636913,0
716,3266,15680289,Nebechukwu,698,Spain,Male,42,8,147596.23269539652,1,1,1,88286.08574989018,0
717,444,15810909,Buccho,784,France,Male,21,5,103755.2680315064,2,1,0,9710.012593329164,0
718,5611,15717790,Chijioke,659,Spain,Male,30,8,135599.61938738386,1,1,1,71916.5435162281,0
719,8505,15761359,Achebe,703,Germany,Male,44,10,938.3763190489333,1,1,1,40098.165086757406,0
720,4129,15655049,Ferguson,628,Germany,Male,33,1,76867.70482217814,2,1,1,103444.17158968425,1
721,4645,15663712,Chukwukere,740,Germany,Male,37,10,133386.0093412107,2,0,0,122669.85616564594,0
722,5210,15657730,Erskine,807,Germany,Female,21,6,61620.831613953414,1,0,0,87638.24130792337,1
723,6635,15702003,Sokolov,614,Germany,Male,28,10,169705.23922797298,2,0,0,123064.32835895455,0
724,6464,15583363,Hammonds,759,France,Female,47,7,123388.193636111,2,1,0,30572.49188329558,0
725,4577,15664097,Todd,611,France,Male,38,2,116949.17770494288,2,1,0,144488.00086181297,1
726,1792,15616022,Chimaijem,527,France,Female,37,3,105676.57034404782,1,1,1,133841.80191198725,0
727,4751,15633349,Donaldson,789,Germany,Male,40,1,117830.54586015835,2,1,1,16299.608501214256,0
728,5489,15768829,Graham,570,France,Female,40,1,74699.90286615229,2,0,1,68222.14173957372,0
729,3286,15686110,Capon,796,Germany,Female,50,3,97031.23783965094,2,1,0,113591.78919660638,0
730,9086,15641387,Y?,537,Germany,Male,43,10,121125.3155771524,2,1,0,75030.33927229173,0
731,9517,15747293,Cheng,609,Spain,Female,26,2,131020.51467587976,2,1,0,143565.23266517074,1
732,8817,15787146,T'ang,631,Spain,Male,41,2,139601.11041109991,2,0,0,35321.028978920906,1
733,4247,15616970,Austin,699,Germany,Male,38,5,122668.96267201078,2,0,1,140091.3447552939,0
734,2607,15621763,Anayochukwu,774,Spain,Male,30,4,2479.0004176006323,2,1,1,91467.64712316095,0
735,7760,15761545,Barnes,648,Germany,Female,30,5,98521.30988824752,2,1,0,117069.20201129657,0
736,6032,15613167,King,650,Germany,Male,38,2,148668.61342770874,3,0,0,169171.59506266826,0
737,3059,15620157,Nash,756,France,Female,50,8,159019.3426826387,1,0,1,99337.28869573463,0
738,9758,15780351,Wentworth-Shields,667,Spain,Female,41,7,-430.97640097180425,2,1,1,44534.07832954734,1
739,3335,15710444,Fang,502,Germany,Female,25,6,1609.6187571224773,2,0,0,107126.07105800975,1
740,9563,15739963,Poole,646,France,Female,25,8,109542.25166527356,2,1,1,128153.09219272976,0
741,5258,15702135,Avdeev,595,Germany,Male,35,1,121435.9972412152,3,1,1,56467.47173614269,0
742,7367,15644129,Ponomarev,566,Spain,Female,29,2,-1775.0872750901594,2,0,0,55024.309247080135,0
743,4241,15799439,Singh,574,Spain,Male,38,7,165520.97515732655,1,1,0,186105.90658631033,1
744,3345,15739372,Gardener,463,France,Male,41,5,156065.00749412042,1,1,0,79867.95975323251,1
745,9375,15732814,Buckner,595,France,Female,33,9,90771.34396700229,1,0,1,14483.194630289623,0
746,9390,15653528,Watson,604,Spain,Male,32,5,161475.64953915213,2,1,0,2882.5786360052643,1
747,7337,15584557,McKay,628,France,Female,30,9,104581.01074688646,2,0,0,182990.03787378393,1
748,4117,15733389,Bryant,616,Spain,Male,36,2,110819.16134561457,2,0,1,200254.2725987585,0
749,4162,15688716,Farber,800,France,Male,35,4,3060.763887355451,2,0,0,156750.50919618784,0
750,9812,15780883,Ayers,688,Germany,Male,32,10,126651.15929523752,2,0,0,92380.93642959623,0
751,3274,15791375,Costa,506,France,Female,38,10,116190.16912714491,2,1,1,185699.8099556604,0
752,10085,15618215,Ma,633,France,Female,27,3,104158.07823295347,2,0,1,74880.3836201577,0
753,9377,15794101,Adams,720,Germany,Female,30,10,134897.79770013946,2,0,0,75638.00722529608,1
754,7601,15578070,Tseng,775,Germany,Male,58,5,119027.85352896563,2,0,0,134442.00899905048,1
755,2084,15638742,Ponomarev,696,Spain,Male,41,2,105728.84675165995,2,1,0,159638.74346519457,0
756,6101,15726904,L?,723,France,Female,39,3,154393.15680618503,2,1,1,63371.621959938246,0
757,3241,15698315,Chu,646,Germany,Female,38,4,113467.52871853231,2,1,0,42216.10605803827,0
758,4326,15597232,Galkin,516,France,Female,33,0,156397.14884272707,2,1,0,193166.44933489553,0
759,8023,15680998,Hung,571,France,Female,53,8,118516.0421953341,2,1,1,161710.60068667098,0
760,8663,15813867,Abramova,626,France,Female,21,3,137938.4807883035,2,1,0,17069.97191954971,0
761,9070,15811532,Rahman,680,France,Female,38,4,120285.24667527317,2,1,0,22425.453767984865,0
762,7953,15675743,Tai,698,Germany,Female,36,1,-374.426888723595,2,0,1,3669.322136382616,1
763,9250,15609950,Arnott,789,Germany,Male,32,9,100322.64694739804,1,1,0,193612.2724569213,0
764,8930,15625402,Cremonesi,621,Germany,Female,32,7,84542.7214192072,3,1,1,82455.0809201778,0
765,7903,15701991,Mistry,833,Germany,Male,39,5,-651.2377884379612,1,0,0,22148.167717311087,0
766,10017,15810323,Robertson,554,Germany,Female,33,3,1362.5736417811245,3,0,1,87549.57175842005,0
767,6578,15586259,Sinclair,580,Spain,Male,41,7,78268.97057670608,2,1,1,174445.40465943047,0
768,2250,15651798,Tate,647,Germany,Male,32,5,139703.17525079494,1,1,0,138962.50395015368,1
769,1414,15632506,Gray,788,Germany,Male,35,3,147308.25257097755,2,0,0,180304.60802654832,0
770,3820,15611167,Biryukova,563,Germany,Female,26,6,141225.27173556364,3,1,0,29107.282391934383,0
771,3793,15604119,Calabresi,635,Germany,Female,32,3,106530.51489727409,1,0,1,178419.0664158021,0
772,3591,15628566,Holt,521,Spain,Female,41,7,113532.30125317462,1,1,1,106627.6166468753,0
773,4217,15641133,Chinagorom,748,Germany,Male,35,7,114417.58429948302,1,1,1,883.5722933924117,1
774,9548,15788756,Watt,649,Germany,Male,22,8,135157.22840022217,2,1,1,6315.028189209415,0
775,9819,15625183,Murray,675,Spain,Female,43,7,108390.20830767544,2,1,1,150051.00707941435,0
776,832,15684327,Pisani,645,Spain,Male,43,8,137447.81156826043,2,1,1,108568.69250527609,1
777,7464,15646014,Nicholls,698,Germany,Male,47,9,128694.66300841587,2,1,1,180175.9604076951,0
778,2031,15698845,Egobudike,669,Germany,Female,25,3,676.273657054826,2,0,1,118014.64247940287,1
779,976,15775509,Genovesi,656,Germany,Male,26,9,120433.72697713194,2,1,0,156867.4929958939,0
780,2609,15684242,Archer,716,Germany,Male,40,8,184741.3352129254,1,0,1,54522.3289154737,0
781,4033,15799480,Ham,580,Spain,Male,38,5,91092.51398250618,2,1,0,182589.06362838414,1
782,644,15588858,Onochie,635,Germany,Male,22,4,132505.26711744152,2,1,1,119772.96963753416,0
783,4312,15725587,James,776,Spain,Male,40,10,135588.20327405893,1,1,1,127494.30649791045,1
784,7579,15585972,Paling,535,Germany,Female,36,3,110467.21568004148,2,0,1,130665.39340010702,1
785,7419,15611760,Walker,625,Germany,Male,54,3,131086.3090600697,2,1,1,109902.96629361094,1
786,4111,15703976,Wright,632,Spain,Female,45,5,143521.50191506068,1,0,0,199335.03937773054,1
787,7464,15697869,Ch'ien,571,Germany,Female,45,5,95812.16646316665,2,1,1,186314.65544330282,1
788,9003,15689465,Davis,529,Germany,Male,26,6,83868.83257855,2,1,0,96135.21028314743,0
789,1706,15726860,Butusov,769,France,Male,33,9,88368.93818343867,3,1,1,185665.46598037178,1
790,699,15632091,Garner,775,France,Female,28,9,38.073630995910975,2,1,0,180515.90267021273,0
791,7996,15617901,James,524,Germany,Female,23,8,-1127.41747702066,1,0,0,42180.93075603887,0
792,4098,15678162,Lung,656,Spain,Female,37,8,117271.18154065391,3,1,0,97927.53766363641,1
793,4748,15726926,Rivas,830,Germany,Male,37,7,114205.852015722,2,0,1,155444.87441268252,1
794,9754,15700401,Fuller,585,Spain,Female,44,1,1395.2381495830973,2,1,1,108587.50412555318,1
795,9427,15677167,Egobudike,657,France,Male,27,3,150141.3437148922,2,1,0,154058.821734869,0
796,9215,15732908,Hsu,677,France,Male,39,4,111038.80951153286,2,0,1,108959.52540581391,1
797,4112,15691922,Preston,664,France,Female,48,8,-956.0915380834882,2,0,0,181369.99274124522,0
798,8557,15611843,Perez,602,Spain,Male,50,3,97383.4659126854,1,1,1,154965.27152579284,1
799,3396,15702933,Woodhouse,637,Germany,Female,35,1,146393.2202131195,4,0,0,119096.00182365747,0
800,1664,15714033,Chidimma,558,France,Female,19,2,98143.28644241329,2,1,1,195453.92405153808,0
801,7964,15585852,Milanesi,740,Germany,Female,36,7,1052.3547202807829,2,1,1,188114.95828837808,0
802,2994,15778950,Bray,482,France,Female,48,3,743.9514125132016,3,0,1,68788.34329090602,0
803,3052,15583929,Iroawuchi,596,Germany,Female,32,1,101584.65269638249,2,1,1,184965.61652659113,0
804,5244,15633634,Giordano,457,Spain,Female,43,3,117190.57346544527,2,1,0,181459.2496356328,1
805,9912,15656921,Cartwright,644,France,Female,33,6,121829.12285038966,3,0,1,143252.57214610084,0
806,3197,15620528,Dickinson,635,Germany,Male,62,10,130701.72523388431,2,0,1,13898.537352695319,1
807,2232,15766957,Lamb,804,France,Female,51,5,119311.35935162443,2,0,1,64529.99924707895,0
808,9689,15807280,Yip,594,Germany,Female,24,3,103983.20001010512,1,1,1,186731.0081446631,0
809,7397,15810933,Ku,674,France,Female,36,1,-1106.6653408856403,2,0,1,33465.29718402928,0
810,6842,15807084,Wright,590,Germany,Female,26,3,129450.24481804484,2,1,1,37365.77032700881,1
811,9050,15779517,Murray,672,France,Male,24,6,93298.23517565045,2,0,0,93278.07205249189,0
812,4797,15623751,Trentini,751,Germany,Male,39,10,93966.95752394371,2,1,1,45653.502664866,1
813,4494,15718854,Poole,566,France,Female,22,2,79727.98688280326,1,0,1,21369.777068792893,1
814,5009,15737654,Chialuka,764,Germany,Male,42,8,104209.66801029061,1,0,1,24535.44872763734,0
815,8686,15695193,Ifeatu,618,France,Female,38,9,103299.44691430982,2,0,1,17867.427903174423,0
816,3201,15778577,Hingston,753,Germany,Male,39,3,93362.48440057693,3,1,1,157764.9415895973,1
817,4048,15799694,Rizzo,635,Spain,Male,39,9,1302.1773762295888,3,1,0,12610.65221817165,0
818,2261,15792958,Parkes,798,Germany,Female,39,3,123517.84338081398,3,1,1,61355.02209397293,0
819,6048,15588099,Chin,574,Germany,Male,30,5,147789.41897192225,3,0,1,107269.83915886912,0
820,6771,15763068,Ricci,741,Germany,Male,46,7,136621.4884753826,2,1,1,67201.17718909204,0
821,8091,15668156,Lajoie,735,Spain,Male,40,8,3376.887174536644,2,1,1,146066.8460366195,1
822,4554,15794045,Dickinson,596,France,Female,42,10,135830.90249903407,2,0,1,100991.49470986074,1
823,596,15670094,Udinese,767,Germany,Female,44,5,106758.24459054474,2,1,0,121700.14420474568,0
824,7306,15643542,Leonard,656,Germany,Male,57,6,139780.4430250306,2,0,1,183493.10288821562,0
825,8911,15586704,Hu,679,France,Female,57,7,99259.55702717436,2,1,1,11713.858808576902,1
826,9641,15757182,Gether,660,France,Male,32,8,111474.07852966592,2,1,0,176918.08632392972,0
827,4064,15767230,Carpenter,679,France,Female,27,6,944.365436858535,1,1,1,184310.2151309833,0
828,4278,15782946,Leckie,705,Germany,Female,30,8,102768.1112060587,1,0,1,107073.96376559023,0
829,5302,15603332,O'Toole,630,Spain,Female,28,4,121260.21030883605,1,1,1,186488.34969245922,0
830,9838,15655738,Howard,736,Germany,Female,38,10,134532.87083572164,2,1,0,134139.59522270464,0
831,2846,15755044,Mitchell,670,Germany,Female,36,7,106243.95596505416,2,1,1,112507.42649249478,1
832,5557,15745572,Wan,786,France,Female,45,8,-308.4357104139648,1,1,1,123724.49600062822,0
833,7955,15710003,Wright,494,France,Female,23,8,56.04619274151975,2,0,1,146878.94705226534,1
834,5433,15587705,Izuchukwu,597,Germany,Male,30,9,163569.77195686448,2,1,1,25559.575219522943,1
835,5655,15693986,Sozonov,645,Germany,Male,25,7,72259.29161608356,3,1,0,112282.96245155911,0
836,9281,15671522,Townsend,587,Germany,Male,23,5,128463.8267808992,1,1,1,154872.60696082105,0
837,2535,15585939,Ochoa,800,France,Female,41,6,128855.60871191582,2,1,0,77617.70871058363,1
838,6825,15620785,Hinton,626,Germany,Male,32,1,110035.39596764502,2,1,1,55344.1974375084,0
839,9004,15582608,Flores,789,Spain,Male,32,3,106819.123420929,2,1,0,113578.88311413281,0
840,6888,15693580,Santiago,659,France,Female,28,8,108050.00707040959,1,1,1,151394.32232123055,0
841,2794,15807751,Yermakova,599,Germany,Female,52,1,91481.87122514528,1,1,1,191024.41223998085,0
842,9614,15685933,Stevens,637,Spain,Male,42,5,160081.38230943482,1,1,1,93716.67142828462,0
843,4475,15679448,Carey,519,Spain,Female,35,3,-147.95322404647126,3,1,1,164837.94199531953,0
844,6179,15738895,Hunter,550,Germany,Male,52,4,117874.76540116142,2,1,1,146841.91062039757,1
845,3329,15622895,Collier,566,France,Male,32,2,2652.6561592826347,2,0,1,173488.43337662434,0
846,9863,15637789,Anderson,521,Germany,Female,39,2,96906.28401396165,2,1,1,39539.57964780228,1
847,7041,15599599,Pisani,444,France,Female,45,9,129701.25622202044,1,1,1,47979.57260816381,0
848,7236,15622240,Reid,621,Spain,Male,41,3,1354.650883602189,2,1,0,11093.7429735513,0
849,3426,15669972,Parkes,487,Germany,Female,34,2,119111.58910998685,2,1,0,119608.8808545589,0
850,10215,15678404,Becher,550,Spain,Female,37,10,111567.01868321802,2,1,1,117277.87256139312,1
851,2337,15718623,Freeman,758,France,Male,33,10,1489.8836703047918,3,0,0,45610.02768950695,0
852,7627,15633339,Tsui,570,Spain,Male,43,1,150185.72830917983,1,1,1,191995.90486476597,0
853,797,15586893,Stephens,792,Germany,Female,49,10,82999.16905876584,1,1,0,-1318.7930227676316,1
854,9165,15760709,Mouzon,745,France,Female,41,5,121820.62931484454,2,0,1,127055.26957897426,0
855,10409,15695827,Kung,642,Germany,Male,41,4,-1986.2807719772609,2,1,1,44830.90974486433,0
856,1630,15717103,Walton,659,France,Female,26,3,82923.39496750485,1,1,0,186826.28383230272,0
857,2559,15676190,Bock,686,Spain,Female,35,8,105733.8332336973,2,0,1,190725.1320509028,0
858,5789,15709035,Dunbabin,568,Spain,Female,30,1,89375.73106626324,2,1,1,7287.152792874202,0
859,3940,15685987,Loyau,655,France,Male,40,1,118561.33807378731,2,0,1,154697.86993509717,1
860,7897,15583410,Moseley,773,Germany,Female,32,4,63971.371783248,1,1,0,2862.384030187548,0
861,5036,15616882,Wilding,788,Germany,Male,37,5,538.0042289816457,2,1,0,189658.46604304705,0
862,8697,15667631,Berry,548,Germany,Male,35,4,98218.14960299284,2,1,0,123521.9054469992,0
863,4430,15643459,Ts'ui,727,Germany,Female,38,2,93403.25327416863,1,1,0,108014.52387131029,0
864,4412,15780632,Brookman,559,Germany,Female,30,3,98272.75799820354,1,1,0,158839.12636072774,0
865,785,15645360,Porter,698,Germany,Male,36,5,161246.5076959322,2,1,1,70966.89218032613,1
866,8883,15676971,Chidi,691,Spain,Female,49,10,196716.1950160996,3,1,1,190145.83536695264,0
867,7523,15659652,Hoelscher,578,France,Female,29,9,144526.01548721312,2,1,0,124867.23829358806,0
868,10107,15794778,Lu,584,Germany,Male,46,3,138279.1360153094,1,0,1,116566.70443680932,1
869,7019,15641972,Cribb,575,Germany,Male,69,6,120827.93379662948,1,1,0,158428.9484955843,0
870,3956,15673869,Kang,583,Spain,Male,61,5,-1878.8133111306424,2,1,1,92809.25622511382,0
871,2601,15623223,Lombardo,621,France,Female,36,7,98738.8918042065,2,1,1,110164.14065500256,0
872,4475,15743102,Marsden,737,Spain,Male,42,3,-1405.3979022853669,2,1,0,173295.29199318422,1
873,7300,15617717,Purdy,665,Germany,Female,21,8,115627.67100587527,3,1,1,181943.4292868935,0
874,7956,15747645,Taylor,495,Germany,Male,40,5,146576.9364478773,1,1,1,152428.61156083806,1
875,6957,15695679,Smith,599,Germany,Female,25,8,129022.91144943563,1,1,1,113340.56858192211,1
876,9488,15695973,Bergamaschi,667,Germany,Male,45,3,-2042.055306258335,3,0,1,160786.46898962732,0
877,5195,15678026,Willoughby,620,France,Male,53,5,12.189472405585711,2,1,0,43872.56251289291,1
878,4525,15781434,Fowler,858,Germany,Male,50,3,87622.19682666981,2,1,1,66137.12416871382,0
879,6024,15713276,Rohu,575,France,Female,30,7,132257.58308698604,3,0,0,126237.1234597711,0
880,3128,15805127,Nkemakonam,666,Spain,Male,29,8,103673.94460880273,2,1,1,180934.54441747087,1
881,2966,15602151,Bruche,746,Germany,Male,58,6,87677.73200379264,2,1,1,90440.76259319924,0
882,3215,15600595,Pai,653,France,Male,33,7,64096.77298738947,2,1,1,9309.595680837123,1
883,10007,15622923,Martin,554,Germany,Male,49,5,184335.75916588702,1,1,1,194932.69749006134,1
884,3973,15667072,Bull,573,Spain,Female,43,7,108206.67706453933,2,0,0,119733.20465224735,0
885,1159,15597705,Timperley,560,Germany,Male,42,5,96234.73185431062,1,1,0,31540.4064584238,0
886,7463,15602782,Marshall,542,Spain,Female,35,1,71280.99629709816,3,1,1,81545.71411980271,0
887,9566,15728150,Ulyanov,551,Germany,Female,41,6,890.3156964771035,2,0,1,88741.43501652482,1
888,5462,15794782,Tipton,485,Spain,Female,46,7,60867.92155226613,2,1,1,186358.89117052735,0
889,7353,15645550,Ch'eng,821,Spain,Female,29,9,111938.21990195902,2,1,1,12936.6909879989,0
890,7488,15790322,Ts'ao,759,Spain,Male,39,7,85305.86401190264,3,1,1,16445.248317141763,0
891,8834,15610790,Yeh,703,France,Female,43,7,122356.85690322782,3,1,1,140831.64831134016,0
892,7263,15635767,Avdeyeva,591,France,Female,35,7,-1756.7659396178337,1,1,0,115621.27549429167,1
893,731,15628822,Fleming,756,Spain,Female,52,4,135832.01886392178,1,0,1,89663.0398548105,0
894,8614,15612154,Muecke,690,France,Female,38,5,118145.59021785304,2,0,1,185055.34364155572,0
895,2163,15732267,Osorio,557,France,Female,42,3,106194.39833565314,2,0,1,6755.991078557396,1
896,9212,15798317,Dumolo,624,Spain,Male,26,3,126446.67310680402,2,1,1,114750.27441500692,1
897,5934,15752677,Belov,421,France,Female,24,10,122686.22225501473,2,1,1,186313.0324317898,0
898,3517,15583949,Findlay,649,Germany,Female,41,7,102718.68139765748,1,1,0,187888.54547025973,0
899,5650,15625800,Tseng,688,France,Female,44,6,137968.81078260805,2,1,0,155619.3415446679,1
900,2155,15637661,Robinson,630,Spain,Male,48,0,133605.0004596649,2,1,1,11472.964996415678,1
901,687,15796390,Yirawala,783,Germany,Female,35,3,108652.4916545505,2,1,0,38354.667734765186,0
902,4759,15642919,Amechi,664,Spain,Female,41,2,112747.97265905271,2,1,1,158684.6351345255,1
903,6937,15713211,Hope,691,Germany,Male,39,8,2734.0090034599043,2,1,0,14568.443434047882,0
904,6047,15594921,Fries,566,France,Male,31,5,98281.05571334551,2,0,0,153393.4319667052,1
905,5707,15628768,Beatham,596,Germany,Female,34,3,161974.8226315991,2,1,0,30545.46576535822,1
906,2291,15628378,Calabresi,564,Germany,Female,39,1,142477.36533883965,2,0,0,133741.2368675142,1
907,8118,15678485,Armstrong,644,Germany,Female,34,9,597.5898688028852,2,1,0,133633.8236610782,0
908,8878,15698651,Hudson,470,Germany,Male,45,3,105342.64610217615,3,1,0,13924.98477594764,1
909,3247,15733649,Chukwueloka,767,Spain,Male,39,8,132608.053991024,2,1,1,67459.4135937781,0
910,7509,15623667,Barrera,847,Germany,Female,30,9,80735.99253399525,3,0,1,12675.306715509543,1
911,3492,15698087,Connor,605,Spain,Male,37,3,128432.59651777563,2,1,0,64504.30256782073,1
912,5722,15695732,Li,787,France,Female,34,10,233.82993989256119,2,0,1,166827.7113517979,0
913,9232,15622498,Ignatyev,529,France,Female,43,3,130879.89186200037,2,1,1,107056.2290922255,1
914,6143,15614127,Akobundu,675,Germany,Female,52,0,151471.05200755617,1,1,1,17441.124735213747,1
915,8002,15777654,Milliner,800,France,Female,36,3,138757.67508424673,1,1,1,8698.05310680311,0
916,6180,15763783,Power,538,Spain,Male,31,3,937.8544964733038,3,0,0,168532.8224996777,1
917,9454,15721937,Yao,773,Germany,Male,56,1,83608.60493424979,1,1,1,180282.06455935532,1
918,7067,15675933,K'ung,754,Germany,Male,46,4,-1006.6472594110705,2,1,0,142349.7205938336,0
919,3952,15577322,Chubb,587,Spain,Female,37,3,-1044.2500956388242,2,1,1,136910.63884428245,0
920,9341,15629987,Padovano,715,France,Female,43,2,106455.42745865184,1,1,0,87062.58012629737,0
921,3071,15782980,Murphy,586,France,Male,47,1,104092.49820749204,2,0,1,12174.72015946283,1
922,9916,15593918,Onyekachukwu,435,Germany,Female,36,4,131069.46974301856,2,0,1,16606.303862701112,1
923,6964,15573513,Hotchin,716,France,Female,41,9,129269.88452458012,1,1,0,107964.63828730164,1
924,3405,15629388,Ts'ai,627,Spain,Male,41,3,108762.11837234534,1,1,1,182266.22295320174,0
925,4316,15637734,Lei,733,France,Female,25,1,113031.77512102305,1,1,1,99680.70317003799,1
926,8431,15806414,Degtyaryov,654,Germany,Female,35,5,124317.35192161668,2,1,0,128927.25370749891,0
927,7074,15589574,Vasilyeva,578,France,Male,38,8,105885.11550442081,2,1,1,64460.82246836176,1
928,9171,15615786,Hilton,696,France,Female,32,6,125477.31599358347,2,1,1,155918.45856360573,1
929,9723,15710848,Y?,708,Germany,Female,29,0,112308.21382160984,1,0,0,147027.75879243447,0
930,2265,15771395,Ch'in,716,Germany,Female,42,10,94331.37900128176,2,1,1,3981.9044520649695,0
931,7294,15593052,Jamison,641,Germany,Male,41,5,142133.48868165276,2,0,0,157684.49686180745,0
932,9758,15625766,Jamison,630,Spain,Female,39,3,83449.132019755,1,1,1,11222.23742657304,0
933,2183,15590125,Pickering,476,Germany,Female,45,7,106254.25872103569,1,1,1,108482.81531924747,1
934,3128,15633712,Boni,710,Germany,Female,30,3,119048.6993730618,3,0,1,22533.624667826367,1
935,9661,15700023,Preston,693,Germany,Female,26,2,113633.69629523116,1,1,0,117125.29520133401,1
936,5102,15692758,Lori,627,Germany,Male,40,5,77884.02832544998,1,1,1,65632.7913289527,0
937,7011,15701072,Li,526,Germany,Male,73,4,127018.16303617551,2,1,1,157768.23988447065,1
938,9128,15703237,Castella,786,Spain,Male,34,7,126431.89663049244,1,0,1,104195.4316616875,0
939,7927,15726636,Ch'iu,587,France,Male,24,7,129911.8089395797,2,1,1,98398.29644212926,0
940,3701,15808375,Olsen,523,Spain,Male,39,6,258.72416505438923,2,1,1,134646.5297320121,0
941,8858,15807793,Craig,632,France,Male,46,2,140614.1606190214,2,0,1,185693.6251623216,0
942,6508,15770216,Chukwuemeka,592,Spain,Female,27,4,106234.6990912094,1,1,1,26985.31437357811,0
943,4653,15754477,Artyomova,606,Spain,Female,36,7,114028.03414568097,1,0,1,191728.01274201178,1
944,1261,15663282,Kuykendall,788,Germany,Male,38,3,98439.3030115947,1,1,1,145082.35938912435,0
945,3594,15647015,Montes,671,France,Male,39,1,1484.8450290245437,2,0,0,184131.96697248085,1
946,2712,15690405,Jefferson,761,Germany,Female,26,4,140519.92591075017,1,1,1,15005.965457202,0
947,6750,15775888,Kao,705,Germany,Male,21,1,126323.81036519543,2,1,1,33916.00049947705,1
948,6259,15801770,Angel,620,Germany,Female,28,8,115103.99368811536,2,0,1,33040.15892836644,1
949,974,15642225,Jamieson,732,France,Male,30,10,119670.94387549929,1,1,1,147828.02327525264,1
950,9255,15636427,Aksenov,633,France,Male,33,3,860.1220166134121,2,0,1,53433.890885786226,0
951,2121,15651883,Pisano,713,Germany,Female,65,2,105307.74179900558,1,1,1,184339.86778637077,0
952,8582,15696181,Napolitani,541,France,Male,30,7,2159.4465286628533,2,0,1,18355.48294885415,0
953,8668,15716639,Mazure,776,Spain,Male,38,2,110952.48612139434,3,1,0,46802.21729757398,0
954,7054,15697381,Tomlinson,477,Spain,Female,43,10,138497.93484547915,1,0,0,132677.95687234687,0
955,2114,15791392,Beam,696,Germany,Female,39,1,118582.2242232876,1,1,1,46851.42244737067,0
956,5603,15686880,Piccio,636,Spain,Male,46,4,2426.9590873649377,2,1,1,47873.481407002524,0
957,9976,15627087,Scott,574,Germany,Female,29,1,108808.85584916163,1,1,0,120091.13887639184,0
958,5953,15646845,Ugoji,514,Spain,Male,41,10,98052.08309025901,2,1,1,176610.57355300826,1
959,10005,15741458,Madukwe,685,Spain,Female,37,8,157.05454253048808,1,1,1,36275.4971601535,1
960,7738,15572180,Hebert,820,France,Female,41,5,98355.31466010887,3,1,1,96937.57411226002,0
961,8565,15751553,Henderson,833,France,Female,24,3,79677.49171380656,1,0,1,89369.26528183842,0
962,4973,15595106,Gardener,619,France,Male,41,1,158386.21710627436,1,1,1,102022.20187926639,0
963,9585,15735390,Lai,603,France,Male,47,10,131788.09994106894,2,0,1,162749.87720875107,1
964,3204,15702728,Chadwick,603,France,Female,34,9,118554.38136326411,2,1,0,152413.0567608698,0
965,6497,15647971,Singleton,700,France,Female,29,7,141741.72100422217,2,0,1,181105.94359395068,0
966,4509,15754893,Mouzon,620,Spain,Male,37,6,127520.35523988865,2,0,0,14892.636662859619,0
967,3765,15714367,Jibunoh,705,Germany,Female,29,9,-1408.091082228868,2,1,1,69703.58266771107,0
968,8645,15581242,Lu,608,Spain,Male,44,3,1645.1549528158034,2,0,1,128902.35863225459,0
969,2339,15803786,Li Fonti,506,France,Female,22,7,129554.57126402704,2,1,1,183847.3435326099,0
970,3518,15682101,Ts'ui,632,Spain,Male,42,3,150511.36352362233,2,0,1,11705.077203419798,0
971,2335,15643693,Muir,650,France,Female,37,4,118170.98171840329,2,1,1,7947.494844273624,0
972,5446,15640424,Chambers,655,Spain,Female,34,6,110009.1933283246,2,0,1,134132.631207095,1
973,9932,15604242,Thomson,751,Spain,Male,32,3,144974.69881738673,2,1,1,123762.58117367169,0
974,9293,15706875,Macknight,788,Germany,Male,28,5,110535.03024653216,1,1,0,78863.94359530865,0
975,9174,15616881,Nnanna,659,Spain,Female,40,3,107564.42437224918,2,1,1,160392.85021611047,0
976,8215,15696836,Korovina,804,Spain,Male,25,3,277.5608639331788,2,1,1,181126.7998644371,0
977,6281,15732668,Marshall,670,France,Female,39,5,113457.85042616312,1,0,1,163570.9291691675,1
978,9493,15761805,Toscano,599,Germany,Female,33,0,-1694.9466016596537,2,1,1,183902.87140914387,1
979,4194,15621700,Tsao,503,Spain,Female,23,7,121.51472578778113,2,0,0,19680.668039028395,0
980,7318,15620093,Watson,768,France,Female,26,2,1349.0792629995708,1,1,0,19950.183094705815,0
981,2960,15721086,Maclean,714,Germany,Female,20,8,126053.05733996055,2,0,0,166772.72467615534,0
982,1218,15816414,Tuan,558,Germany,Female,45,1,102109.17572165722,2,1,0,18974.8107561216,0
983,1516,15597374,Chibugo,693,France,Female,32,7,-241.0849259280532,2,0,0,13377.338390962732,1
984,5119,15727084,Dilke,586,Germany,Female,53,1,126385.37507183739,2,1,1,174048.66324825305,0
985,3019,15599588,Byrne,708,France,Male,32,8,145483.06481284625,1,1,0,177213.88484293324,0
986,846,15720689,Zaitsev,798,Germany,Female,32,6,1087.2376590925774,1,0,0,159953.72957196325,0
987,660,15637016,Lawrence,674,Spain,Female,26,4,103696.79181705757,3,1,1,119860.67475341867,0
988,8441,15625216,Pisani,684,Spain,Female,41,5,867.6238522683823,2,1,1,101009.01328649017,0
989,7603,15680477,Elkins,721,France,Female,33,2,81549.07460136274,2,0,0,55012.588913809595,1
990,9543,15713900,Wright,647,Spain,Male,24,8,144967.89002469607,2,1,1,50045.98172457499,0
991,9172,15736319,Abernathy,674,France,Female,28,3,534.4985149169588,1,1,1,159977.6871661977,0
992,3335,15789481,Daniels,759,France,Female,31,4,99009.41689795174,2,1,1,20992.58140302091,1
993,4252,15650267,Chiazagomekpele,559,Germany,Female,32,1,109895.86666105843,2,1,1,20164.686597607153,0
994,9282,15622006,Chizuoke,669,France,Female,39,4,128164.29905571422,1,1,0,168887.76057051888,0
995,7290,15653782,Yeh,634,Germany,Female,39,5,111753.86837960224,2,1,1,184699.33119954844,0
996,9422,15773476,Chimezie,643,Germany,Female,41,7,103701.05401779643,2,1,1,28911.81625288346,0
997,6489,15688144,Gadsden,693,Germany,Male,28,10,134532.52353565508,3,1,1,185127.74523668777,0
998,7048,15773137,Dellucci,672,Germany,Male,40,2,119696.56460723067,3,1,1,190450.27658799948,0
999,5023,15803026,Martin,770,Spain,Female,24,9,115670.23311207483,1,0,1,171372.90196693115,0
