RowNumber,CustomerId,Surname,CreditScore,Geography,Gender,Age,Tenure,Balance,NumOfProducts,HasCrCard,IsActiveMember,EstimatedSalary,Exited
2132,15760811,Endrizzi,531,France,Male,35,7,0,1,1,1,157852.39,0
2133,15681714,Korovina,657,France,Male,35,1,118057.62,1,1,1,179541.7,0
2134,15659917,Mao,731,France,Male,24,7,0,2,0,0,191177.23,0
 2135,15687962,Endrizzi,686,Spain,Female,40,4,0,1,1,0,182738.59,1
2136,15732970,Wang,725,Spain,Male,38,2,0,2,1,1,194928.01,0
2137,15605910,Ch'ien,640,France,Female,36,6,150660.25,1,1,0,142575.83,0 
3737,15747089,Gibson,864,France,Female,31,1,0,1,1,0,82571.85,0
3738,15767332,P'an,656,Germany,Male,43,1,135877.82,1,1,1,90980.79,1
3739,15798741,Ch'ang,713,France,Female,28,2,0,2,1,1,159924.66,0
 3740,15593758,Dellucci,631,Germany,Female,35,5,101744.59,2,1,1,134444.75,0
3741,15594120,Macleod,622,France,Female,31,5,0,2,1,1,17095.65,0
3742,15796068,McElhone,621,Spain,Male,23,4,0,1,1,1,130842.76,0 
8452,15741640,Lai,582,Spain,Female,40,8,0,2,1,1,70416.21,0
8453,15657192,Lazarev,611,France,Female,41,3,121174.41,1,1,1,142977.4,0
8454,15678831,Toscani,658,France,Male,43,4,131433.36,1,0,1,59584.65,0
 8455,15593134,Ch'in,640,Spain,Male,32,1,0,2,0,0,99280.09,0
8456,15592591,Pai,547,Germany,Female,58,0,136493.44,1,0,1,47319.13,1
8457,15742641,White,587,France,Male,33,5,0,2,0,0,140678.4,0 
7581,15662980,Ch'ang,653,Spain,Female,27,8,0,2,1,1,152409.1,0
7582,15811299,Gibbons,730,Germany,Female,39,5,149454.68,1,1,0,35677.46,1
7583,15676546,Pirozzi,850,Spain,Male,31,2,0,2,1,1,145592.24,0
 7584,15606914,Hanson,741,Germany,Female,35,3,117826.2,1,0,1,196143.38,0
7585,15588035,Bogolyubov,553,Germany,Female,43,4,103963.01,2,1,1,107182.59,0
7586,15710914,Anderson,634,Germany,Male,42,8,132813.85,2,1,1,184380.19,0 
7224,15802536,Marino,691,France,Female,27,3,0,2,1,0,116921.35,0
7225,15696831,Palerma,527,Spain,Female,65,7,0,2,1,1,143847.71,0
7226,15637855,Mazzanti,850,France,Female,37,9,0,2,0,0,124608.83,0
 7227,15684566,Bennett,783,Spain,Male,38,3,0,2,0,0,139869.1,0
7228,15591469,Nnaife,664,France,Female,41,8,0,2,1,1,190130.75,0
7229,15738331,Christie,677,France,Male,34,1,0,2,0,0,116660.76,0 
6014,15627999,Chiang,618,France,Male,47,1,0,2,1,1,132777.59,0
6015,15629263,Uspensky,631,Germany,Male,41,8,172343.77,2,1,1,178304.68,0
6016,15622462,Onyekaozulu,621,Spain,Female,32,7,0,1,1,1,157780.2,0
 6017,15795783,McIntosh,649,Spain,Female,42,3,0,2,1,0,45753.11,0
6018,15776655,Lucciano,630,France,Male,41,8,0,2,1,0,145517.78,0
6019,15592646,Onyekaozulu,683,France,Male,43,8,0,2,0,0,121632.94,0 
1808,15763497,Hodges,572,Germany,Female,41,6,128674.88,2,1,1,159599.43,0
1809,15802890,Hudson,555,Spain,Male,36,9,0,2,1,0,151426.67,0
1810,15768573,Hodgson,711,France,Female,33,3,0,2,1,1,84547.21,0
 1811,15780124,Smith,741,Germany,Male,25,4,84546.39,1,1,0,94995.87,0
1812,15752339,Y?,743,France,Male,43,2,0,2,1,1,93810.88,0
1813,15742319,Nixon,635,France,Female,43,3,0,1,1,1,145782.33,0 
3621,15592364,Kerry,637,Germany,Female,33,9,124965.36,2,0,0,69047.94,0
3622,15693462,Gardiner,722,Germany,Female,43,2,107559.96,2,1,1,179915.95,0
3623,15572368,Hale,686,France,Female,41,8,0,1,1,0,79487.08,1
 3624,15584521,Kao,737,France,Female,35,1,0,2,1,0,81233.22,0
3625,15664609,McGregor,585,Spain,Male,36,6,0,2,1,1,132426.06,0
3626,15780994,Iloerika,729,Spain,Male,52,9,0,2,1,1,157999.98,0 
2820,15703659,Ridgway,739,France,Female,52,7,0,1,1,1,83684.85,0
2821,15662713,T'ien,715,Germany,Female,42,2,120811.41,2,0,0,149200.27,0
2822,15638659,Findlay,732,Germany,Female,63,10,121645.14,1,1,1,171076.93,1
 2823,15651458,Crawford,474,France,Male,32,10,0,1,1,0,54799.94,0
2824,15690172,Houghton,706,Germany,Male,41,3,161470.54,1,1,1,152964.48,0
2825,15627994,Chiu,725,France,Female,35,1,0,2,1,1,106413.95,0 
2778,15695744,Moretti,582,France,Male,32,8,0,2,1,0,4050.02,0
2779,15783545,Kodilinyechukwu,653,France,Female,38,0,0,2,1,1,3775.32,0
2780,15697763,Zikoranachukwudimma,583,Spain,Female,30,4,0,2,1,0,1458.68,0
 2781,15773092,Lawrence,749,France,Male,36,7,0,2,1,1,66179.06,0
2782,15743442,Burton,588,France,Female,35,4,0,2,1,0,10969.67,0
2783,15703529,Brown,474,France,Male,41,9,181317.98,1,1,1,63957.6,0 
3760,15608500,Otutodilichukwu,660,Germany,Male,33,8,138393.81,1,1,0,128740.15,1
3761,15776010,Onyekachukwu,796,Spain,Male,36,1,73652.37,1,0,0,172328.47,0
3762,15692706,Cartwright,684,France,Female,36,8,0,1,1,1,183590.64,0
 3763,15681002,Hale,548,France,Female,35,1,128909.15,2,0,0,117094.66,0
3764,15641802,Sabbagh,698,Spain,Male,32,2,0,2,1,0,67717.23,0
3765,15643015,Nnachetam,527,France,Female,35,2,0,2,1,1,162393.42,0 
9037,15715949,Cox,549,Spain,Female,32,3,0,2,1,1,150244.11,0
9038,15594915,Chukwujamuike,790,France,Male,39,2,0,2,1,1,67448.71,0
9039,15660378,Ignatiev,746,France,Male,50,1,0,1,1,0,11812.43,0
 9040,15773904,Ferguson,702,France,Male,37,9,0,2,1,1,135290.18,0
9041,15769784,Altman,533,France,Male,34,4,0,2,0,0,191421.62,0
9042,15628350,Bateson,555,Germany,Female,42,2,135312.04,1,1,0,176310.22,1 
3547,15687799,Chuang,719,France,Male,50,1,143752.94,1,1,0,143537.5,1
3548,15749055,Yin,738,Spain,Female,42,3,0,2,0,0,60485.67,0
3549,15628333,Boyle,516,France,Female,39,5,0,2,1,1,169997.86,0
 3550,15604412,Boyle,555,Spain,Male,32,3,67793.12,2,0,1,121346.8,0
3551,15780405,Lucciano,603,France,Male,30,4,0,2,1,1,121805.07,0
3552,15789915,Lamb,746,Germany,Male,52,10,131534.75,1,1,1,93579.33,1 
1385,15709142,Aksenov,601,France,Female,31,6,0,2,1,1,98178.08,0
1386,15627446,Pai,850,Germany,Female,51,0,156595.15,1,0,0,143960.67,1
1387,15710631,Niu,819,Spain,Female,41,7,0,2,1,1,100814.64,0
 1388,15772441,T'ien,762,France,Male,44,1,0,1,1,1,126385.37,0
1389,15616779,K?,729,Germany,Male,27,5,121898.35,2,0,0,17079.6,0
1390,15676846,Pons,580,France,Male,42,1,0,2,1,1,25058.13,0 
7880,15682950,Kanayochukwu,574,France,Female,39,2,0,2,1,1,176051.43,0
7881,15677568,Morrison,643,France,Male,39,3,0,2,1,1,159130.27,0
7882,15585739,Yeh,739,France,Female,37,1,0,2,1,1,139998.71,0
 7883,15790544,Ferguson,288,Spain,Female,50,5,125400.15,1,1,1,145857.01,1
7884,15585520,Perry,475,France,Male,35,4,0,2,0,0,36436.12,0
7885,15608081,Pan,724,France,Male,37,9,0,2,1,0,156581.49,0 
9468,15741770,Aitken,515,France,Male,36,2,0,1,1,1,185312.9,0
9469,15684883,Cremonesi,801,Germany,Female,29,2,156924.43,2,1,0,149958.43,0
9470,15721880,Frolova,621,France,Female,31,9,0,2,1,1,167219.41,0
 9471,15782706,Izmailov,605,France,Male,35,3,122877.33,1,1,0,146669.64,0
9472,15643540,Udinese,670,Spain,Male,36,8,0,2,1,1,171779.25,0
9473,15596529,Baresi,528,Spain,Male,32,9,0,2,0,1,153875.79,0 
5410,15647451,Rendall,549,France,Female,28,3,116438.92,1,0,0,14937.21,0
5411,15673567,Lettiere,735,France,Female,32,9,0,2,1,1,12354.11,0
5412,15572408,Fanucci,581,Germany,Male,34,7,153216.32,2,0,0,105701.79,0
 5413,15665433,Henderson,850,Germany,Male,39,3,109764.2,2,1,0,118538.9,0
5414,15721002,Kirby,773,Germany,Male,26,4,130933.07,1,1,1,169660.21,0
5415,15735948,Chiganu,717,France,Female,38,9,0,2,1,0,15787.03,0 
2344,15694413,Aitken,671,France,Male,52,1,0,1,1,0,169536.03,1
2345,15790428,Ikenna,637,France,Male,36,1,0,2,0,0,140181.28,0
2346,15805983,Abramovich,646,France,Female,32,10,0,2,0,0,178935.53,0
 2347,15714239,Ch'iu,850,Spain,Female,34,5,0,2,1,0,146793.95,0
2348,15746584,Goddard,660,France,Female,26,1,128020.55,2,0,0,157786.03,1
2349,15603618,Woronoff,655,Germany,Female,38,2,94708.2,1,1,1,180139.56,0 
1957,15565992,Yen,850,Spain,Male,32,1,0,1,1,0,123902.66,0
1958,15653388,Lombardo,792,France,Female,46,2,0,1,0,0,124788.09,0
1959,15790379,Lo,773,France,Male,35,6,0,2,1,1,156598.07,0
 1960,15687971,McMillan,633,Germany,Female,38,1,131890.3,3,0,0,107932.71,1
1961,15669136,Palerma,653,France,Male,41,5,0,2,1,1,160152.14,0
1962,15629075,Gallo,543,France,Male,29,8,0,2,1,0,173543.89,0 
6476,15643738,Chukwuebuka,546,Germany,Female,34,6,82946.75,2,1,0,142473.8,0
6477,15697030,Giles,582,Spain,Male,46,2,0,1,1,1,77572.43,0
6478,15594494,Ferguson,650,France,Male,34,5,0,2,1,0,92876.73,0
 6479,15762963,Davies,557,Spain,Male,35,5,0,2,1,0,162881.73,0
6480,15647752,Lettiere,738,France,Male,44,1,0,2,1,0,133321.13,0
6481,15703903,Ch'in,685,France,Male,46,9,0,2,1,1,1689.74,0 
946,15597792,Warner,687,France,Female,32,1,97485.97,1,1,1,148045.08,0
947,15782761,Fanucci,850,Germany,Male,32,5,113740.9,1,1,1,176908.71,0
948,15563341,Brown,619,Spain,Male,49,3,0,1,1,0,131538.3,1
 949,15598940,Chiu,672,Spain,Male,43,8,0,2,1,1,55323.08,0
950,15725300,Yashina,731,France,Male,39,4,0,2,1,1,160136.38,0
951,15674396,Parry,827,Spain,Female,47,1,0,2,1,1,179662.65,0 
1954,15684441,Milano,823,France,Male,43,1,0,2,1,1,115948.81,0
1955,15685823,White,605,Spain,Male,57,9,0,1,1,1,128200.04,1
1956,15683547,H?,721,France,Female,43,6,0,2,1,1,31808.86,0
 1957,15769346,Ch'en,775,France,Male,34,4,0,1,1,1,83426.89,0
1958,15638581,MacDonald,749,Spain,Female,38,6,0,1,1,1,166685.24,0
1959,15804026,Pagnotto,645,Spain,Male,42,5,0,2,1,1,178654.2,0 
3400,15657190,Calabrese,547,France,Female,41,9,0,1,1,1,166400.02,0
3401,15662381,Folliero,850,Germany,Female,51,3,135590.43,1,1,0,8089.04,1
3402,15700885,Cameron,600,France,Female,35,5,0,1,1,1,85363.53,0
 3403,15687504,Kao,794,France,Female,38,9,0,2,0,0,197224.1,0
3404,15693029,Akobundu,579,France,Male,42,3,0,1,1,0,129725.63,1
3405,15693732,Garry,607,Spain,Male,43,1,0,1,1,1,57315.49,0 
7495,15774244,Coles,736,France,Male,40,3,113903.57,1,1,0,157936.97,1
7496,15670348,Hs?,680,France,Male,39,5,0,2,1,1,103565.29,0
7497,15771518,Boyle,639,France,Male,38,5,173930.91,1,1,1,183695.85,0
 7498,15614760,Sutherland,715,France,Female,40,4,0,2,1,1,170980.89,0
7499,15641613,Tien,657,France,Female,37,3,101744.72,1,1,1,105893.13,0
7500,15756070,Mackenzie,742,France,Female,39,1,0,2,0,1,139430.61,0 
6174,15715170,Lo Duca,779,Germany,Male,41,1,144001.8,1,1,0,103792.6,0
6175,15723567,Yefimova,636,France,Male,30,2,130150.85,1,1,1,117839.42,0
6176,15691969,Ch'ang,674,France,Female,41,1,0,1,1,0,193227.23,1
 6177,15791326,Olisaemeka,779,France,Female,46,9,0,2,0,0,163859.24,1
6178,15693969,Kang,567,France,Female,39,4,0,2,1,1,165890.68,0
6179,15702884,Ndubueze,850,France,Male,37,6,0,2,1,0,159959.28,0 
2955,15593146,McGregor,603,France,Female,23,4,0,2,1,1,104850.3,0
2956,15615136,H?,638,France,Female,34,9,0,2,1,1,102379.8,0
2957,15750697,McIntyre,467,France,Male,34,2,0,2,0,0,1665.5,0
 2958,15786868,Katz,539,Germany,Male,32,8,104470.7,2,1,1,148906.9,0
2959,15655335,Hou,699,France,Male,33,1,0,3,1,0,93343.9,0
2960,15612451,Ford,633,France,Female,36,8,0,2,1,1,94516.8,0 
4202,15731036,Hou,706,Spain,Female,41,9,0,2,1,1,143399.52,0
4203,15618339,Wilson,634,Germany,Female,40,8,110078.08,1,1,1,117048.42,0
4204,15759995,Fiorentino,625,France,Female,36,6,0,1,1,1,144655.9,0
 4205,15775006,Stevenson,678,France,Male,39,4,0,2,1,0,169934.24,0
4206,15614437,Hsia,543,Germany,Male,45,9,113088.67,1,1,1,141780.76,1
4207,15709523,Maclean,731,Spain,Male,40,8,0,2,1,1,156619.41,0 
7497,15590754,Buccho,540,Germany,Male,38,5,133020.88,1,1,1,141178.16,0
7498,15603784,Kruglov,586,Germany,Male,38,2,135482.09,2,1,0,107724.68,0
7499,15629196,Ibbott,543,France,Female,31,3,0,2,0,1,124630.02,0
 7500,15753659,Mao,552,France,Male,37,8,111465.48,1,1,0,148477.8,0
7501,15771732,Chiemela,814,Germany,Female,25,7,100661.05,1,1,1,182378.18,0
7502,15772843,Pisano,716,France,Female,42,4,0,2,1,1,79418.43,0 
764,15774724,Ferrari,609,Germany,Male,37,1,142889.21,2,1,0,174171.9,0
765,15774139,Hsing,602,France,Male,35,1,0,1,0,0,97799.33,0
766,15796095,Chung,850,Spain,Male,45,8,0,2,1,1,145367.4,0
 767,15714573,Yang,698,Spain,Male,34,9,0,2,1,1,151761.82,0
768,15672267,Ritchie,614,Spain,Male,50,3,132064.17,1,1,1,176893.8,1
769,15799129,Gibson,614,France,Female,61,2,100611.44,1,0,1,182291.47,0 
539,15791582,Ugochukwutubelum,652,Spain,Female,37,7,0,2,1,0,18699.3,1
540,15583059,Ch'ang,608,Germany,Male,47,3,103342.31,2,0,1,9934.05,0
541,15804870,Tsui,679,Germany,Male,50,8,135813.39,1,1,1,93858.2,0
 542,15626373,Wu,738,France,Female,32,1,0,2,1,1,170765.02,0
543,15634477,Mishina,738,France,Male,39,5,0,2,1,0,52384.42,0
544,15749480,Cheng,543,France,Male,54,9,0,1,1,1,142862.99,0 
1549,15697895,Buccho,596,Germany,Female,46,8,131738.56,2,0,1,94766.9,0
1550,15729578,Arcuri,733,France,Male,36,4,110870.59,1,0,0,120708.67,0
1551,15659947,Rowe,731,Spain,Male,37,3,118058.23,1,1,0,184650.63,0
 1552,15786410,Lucchese,552,France,Male,42,2,0,2,1,1,54354.65,0
1553,15802454,Duncan,717,Spain,Male,34,8,0,2,1,1,184952.25,0
1554,15607411,Tsui,737,Germany,Female,25,0,91130.78,2,1,0,161002.21,0 
4467,15607140,Shaw,594,Spain,Male,21,1,0,2,1,1,179016.02,0
4468,15674353,Walters,564,Spain,Male,53,8,123780.36,1,1,1,90307.43,0
4469,15686310,Chidubem,824,Germany,Female,34,5,109007.51,1,1,1,156250.62,0
 4470,15770136,Hsu,739,Germany,Male,35,4,127973.77,2,0,0,94875.21,0
4471,15792945,Shen,751,Germany,Female,32,4,82975.4,1,1,1,163533.49,0
4472,15654329,Sullivan,614,France,Male,41,3,0,1,1,0,61497.07,1 
2695,15658022,Robertson,664,France,Male,37,8,0,2,1,1,186200.94,0
2696,15755908,Iqbal,579,France,Female,32,4,0,1,1,1,171167.65,0
2697,15769643,Munro,693,France,Male,26,3,0,2,1,0,945.55,0
 2698,15782713,Tuan,732,Germany,Male,32,9,93945.55,1,1,1,37618.97,0
2699,15771737,Boniwell,629,Germany,Male,35,5,104796.97,1,1,0,143499.89,1
2700,15599271,Lucchese,569,France,Female,35,10,0,1,1,1,169898.6,0 
9644,15593574,Enyinnaya,741,France,Male,37,1,0,2,1,0,49621.82,0
9648,15656543,Yudina,844,Germany,Female,47,7,99343.84,1,1,1,132128.59,1
9649,15649677,Fan,716,France,Male,32,9,0,2,1,0,131692.23,0
 9650,15683991,Sidorova,642,Spain,Female,42,0,0,1,1,1,129318.85,0
9651,15604562,Chin,712,France,Male,65,2,0,3,1,0,172654.28,1
9652,15636164,Dawson,664,France,Male,31,3,0,2,1,0,127721.14,0 
6951,15707730,Welsh,539,France,Male,33,6,0,2,1,0,66563.1,0
6952,15683586,Findlay,749,France,Male,29,7,0,1,1,0,103411.8,0
6953,15767287,Buccho,645,Spain,Male,35,2,0,2,1,1,141938.9,0
 6954,15788324,Jen,529,France,Female,34,6,124823.9,1,1,0,103594.8,0
6955,15665614,T'an,850,France,Male,51,3,89184.9,1,0,0,75010.1,1
6956,15594901,Chung,614,Spain,Male,38,4,131107.8,1,1,0,60117.5,1 
7808,15780708,Chizuoke,676,France,Male,31,3,922212.47,1,1,0,68893.92,0
7809,15765439,Hunter,619,France,Male,58,4,0,1,1,1,963.04,1
7810,15705607,H?,654,France,Male,34,1,0,2,1,1,14159.63,0
 7811,15759246,Kung,580,France,Female,26,8,0,1,0,0,194420.41,0
7812,15684985,Law,624,France,Male,33,7,0,2,1,1,868.53,0
7813,15693881,Ricci,733,Germany,Male,38,5,120602.13,1,1,0,41430.36,0 
3075,15652960,Bergamaschi,676,France,Female,47,1,0,2,1,0,160810.54,0
3076,15682058,Nnachetam,678,Germany,Female,41,3,107584.57,2,1,0,175520.41,0
3077,15622514,McIntyre,680,France,Male,35,2,0,2,1,1,73260.16,0
 3078,15644021,Manfrin,746,France,Male,31,7,0,2,0,0,27202.01,0
3079,15632877,Nnamutaezinwa,734,Spain,Male,38,6,0,2,1,1,48657.95,0
3080,15796833,Ward,698,France,Male,32,8,143648.14,1,1,1,90344.2,0 
9262,15640298,Walker,562,France,Female,40,6,0,2,0,1,10035.65,0
9263,15793704,McKay,720,Germany,Male,36,4,158103.45,1,1,1,166135.64,0
9264,15648811,Welch,636,France,Male,51,1,0,1,0,0,99662.02,1
 9265,15792268,Huang,627,France,Male,29,2,153426.99,1,0,1,51680.09,0
9266,15748235,Olisanugo,794,France,Male,36,2,0,2,1,0,80838.81,0
9267,15781612,Genovese,597,France,Female,29,6,0,2,1,1,104318.46,0 
8558,15622270,Mai,724,Germany,Male,28,9,99688.81,1,1,0,85423.15,0
8559,15750179,Banks,657,France,Male,32,0,0,2,1,1,178448.65,0
8560,15587873,Feng,513,France,Male,35,2,0,2,1,0,166778.54,0
 8561,15771191,Kerr,850,Spain,Male,39,2,0,2,1,1,95980.56,0
8562,15666905,Hughes,802,France,Male,50,6,0,2,1,1,56582.26,0
8563,15573534,Fleming,670,France,Male,32,8,0,1,1,0,135439.57,0 
4776,15611409,Norman,817,France,Male,37,2,0,2,0,0,160766.18,0
4777,15797822,Ibrahimova,559,Germany,Female,55,8,121764.94,1,1,1,190248.19,1
4778,15624709,Ibrahimov,832,France,Male,37,1,0,2,1,1,113038.2,0
 4779,15615560,Kodilinyechukwu,743,Spain,Male,29,6,0,2,1,0,151801.65,0
4780,15642650,K?,619,Germany,Male,29,10,122550.56,1,0,1,3490.8,0
4781,15673694,Tsao,831,France,Male,34,3,0,2,0,1,35656.79,0 
3801,15652942,Anderson,737,Spain,Female,37,5,0,2,1,0,53109.05,0
3802,15792597,Kosov√°,708,Germany,Male,43,4,93948.48,2,0,1,87831.15,0
3803,15588764,Gill,743,Germany,Male,35,7,190251.99,1,1,0,195735.24,0
 3804,15709460,Chukwukere,607,France,Male,35,3,121384.25,1,1,0,141492.85,0
3805,15684920,Burdick,629,France,Female,26,8,0,2,1,0,122247.46,0
3806,15734042,Chinweike,738,Germany,Female,39,5,91532.88,1,1,0,162497.51,0 
2390,15667857,Chuang,596,France,Male,38,9,0,2,1,1,160482.18,0
2391,15574534,Miller,715,France,Female,42,3,0,2,1,1,66141.68,0
2392,15591751,Lucchese,711,Spain,Female,31,7,0,2,1,1,135445.11,0
 2393,15649934,Barnet,742,France,Female,40,0,0,2,1,1,133088.68,0
2394,15726394,Yeh,689,France,Female,46,10,0,1,1,1,114918.75,1
2395,15669991,Manna,670,France,Male,37,4,0,2,1,0,140571.69,0 
117,15737240,Kirillova,615,France,Male,37,10,0,2,1,1,139600.31,0
118,15729671,Bergamaschi,725,France,Female,36,10,0,2,1,1,177073.33,0
119,15632499,Beneventi,744,France,Male,39,8,0,2,1,0,1599.14,0
 120,15627893,Lord,633,Spain,Male,53,9,0,2,1,1,1587.42,0
121,15748977,Briggs,838,France,Male,37,4,0,2,1,1,57117.21,0
122,15725086,Lo Duca,735,France,Male,26,4,0,2,1,0,94911.06,0 
8006,15695325,Dyer,615,Spain,Female,41,1,125081.77,1,0,0,192882.54,1
8020,15641470,Bogolyubov,523,Germany,Male,39,8,109702.78,1,1,1,80977.66,0
8021,15625416,Trevisano,587,France,Male,33,2,0,2,1,1,29649.11,0
 8022,15752955,Davison,698,Spain,Male,46,8,0,1,1,1,123844.04,0
8023,15678919,Bazhenov,734,France,Male,48,2,143935.44,2,1,1,122272.58,0
8024,15738207,Simmons,593,France,Female,38,4,0,2,1,0,182250.3,0 
4379,15805074,Pirozzi,609,Spain,Male,39,9,0,2,1,1,127268.83,0
4380,15787918,Hawkins,539,Spain,Female,33,3,0,2,0,1,174120.8,0
4381,15608569,Williams,611,France,Male,39,3,0,2,1,1,130128.11,0
 4382,15784557,Chinweike,621,France,Male,35,6,0,2,1,0,84286.94,0
4383,15757187,Chienezie,705,Spain,Male,41,0,0,1,1,0,162973.56,0
4384,15777592,Shaw,743,Spain,Male,54,9,121716.47,1,1,1,63549.46,0 
567,15649425,Chia,662,Spain,Female,19,8,0,1,1,1,161909.91,0
568,15727365,Pisano,645,Germany,Female,31,3,149247.88,2,1,0,28573.83,0
569,15783785,Chidiebere,637,Spain,Male,35,8,132827.82,1,1,1,146035.91,0
 570,15706516,Buccho,734,Spain,Male,39,7,178070.56,1,0,0,153170.18,0
571,15582787,Shih,545,Germany,Male,35,0,156169.17,2,1,1,132816.36,0
572,15664594,Lucciano,721,France,Female,40,7,0,2,1,0,182751.36,0 
1949,15704668,Kerr,616,Spain,Male,30,3,0,2,1,0,124414.35,0
1950,15766088,Pai,627,Germany,Female,32,8,149390.32,2,1,0,153113.54,0
1951,15794922,Kalinin,579,Germany,Female,42,3,165840.69,1,1,0,54255.1,1
 1952,15746237,Chukwujekwu,619,Germany,Male,33,4,114511.73,1,1,0,188376.66,0
1953,15689929,Lavrentiev,640,Germany,Female,28,4,129852.59,2,1,1,31367.54,0
1954,15589728,Kao,642,France,Female,37,3,0,2,1,1,150835.27,0 
9619,15649413,Meng,773,France,Male,30,3,0,2,1,1,93527.48,0
9620,15747100,Eberegbulam,708,Germany,Female,51,2,93335.34,1,0,0,10051.61,1
9621,15673782,Chang,638,France,Male,31,4,0,2,0,0,16250.92,0
 9622,15587509,Calabrese,550,France,Male,53,1,128902.52,1,1,0,29276.42,1
9623,15606981,Okonkwo,705,France,Male,22,0,0,2,1,0,95943.68,0
9624,15688963,Kennedy,717,France,Male,38,2,143951.98,1,1,1,26383.37,0 
2295,15622530,Chin,753,France,Female,36,6,122669.59,1,1,0,23603.04,0
2296,15592034,Ma,749,France,Male,44,3,0,2,1,0,166367.2,0
2297,15651767,Liao,332,France,Male,36,5,125815.24,1,1,1,151533.95,0
 2298,15739011,Ferguson,812,Spain,Female,53,5,0,1,1,1,155644.4,1
2299,15616076,Wang,669,France,Male,30,8,0,2,1,1,190514.39,0
2300,15595526,Nixon,721,France,Female,48,0,0,3,1,0,111909.05,1 
5599,15665841,Buchanan,794,Spain,Male,45,3,0,1,1,1,21810.39,0
5600,15681648,Keen,547,Germany,Male,39,7,99199.51,2,1,1,77483.14,0
5601,15586595,Buccho,696,France,Male,30,3,0,2,1,1,162872.86,0
 5602,15725937,Moore,693,Germany,Male,39,6,153628.65,1,1,1,168493.34,0
5603,15694483,Pisani,850,Germany,Female,43,5,79917.24,2,1,1,114478.38,0
5604,15603846,Chambers,627,Spain,Male,72,1,0,2,1,1,193087.23,0 
5222,15586785,Shih,623,France,Male,33,3,0,2,0,1,56014.1,0
5223,15674410,Hsing,635,Spain,Female,52,1,0,1,1,1,128800.66,0
5224,15574040,Lombardi,636,France,Male,26,10,0,2,0,0,64501.17,0
 5225,15653920,Hs?,652,Germany,Female,48,2,106000.51,1,0,1,102919.32,1
5226,15593310,Chiu,730,Germany,Female,26,2,124045.69,2,1,0,26209.92,0
5227,15615858,Hs?,723,France,Male,33,4,0,2,1,1,82294.74,0 
621,15596031,Chizuoke,621,France,Female,48,4,0,1,1,1,133693.75,0
622,15597280,Wright,654,France,Male,40,4,0,2,1,0,181157.65,0
623,15637200,Oliver,587,France,Female,36,8,135872.23,1,1,0,183558.8,0
 624,15766508,McIntyre,647,France,Male,39,1,0,2,1,1,141204.06,0
625,15770413,Fedorova,633,France,Male,44,9,0,2,1,0,102041.98,0
626,15672405,Beggs,650,Germany,Female,32,7,122210.07,2,1,1,124147.21,0 
8268,15746154,Chukwukere,549,France,Male,32,1,101173.13,1,1,0,190837.78,0
8269,15639952,Niu,749,France,Male,34,5,146916.19,2,1,0,16898.62,0
8270,15586697,Niu,599,France,Female,43,6,0,1,1,0,137343.8,1
 8271,15796434,Tsui,678,France,Female,41,7,124953.72,1,0,0,152914.41,1
8272,15676830,Mazzanti,691,France,Male,28,4,153771.97,1,1,1,191610.18,0
8273,15592680,Davide,507,France,Female,44,3,126989.62,2,1,1,72190.06,0 
2692,15635156,Hs?,464,France,Male,25,3,0,2,1,1,71902.89,0
2693,15689927,Hs?,681,France,Female,46,2,147635.7,1,0,1,133494.17,0
2694,15697293,Mackey,636,France,Female,29,8,136913.21,1,0,0,85888.44,0
 2695,15670088,Wright,707,France,Male,34,4,0,2,0,0,69689.41,0
2696,15626271,Hankinson,549,France,Female,40,4,0,2,1,1,95548.63,0
2697,15585984,Chidubem,664,Spain,Male,38,0,0,2,1,1,14154.51,0 
8780,15659898,Shen,614,Germany,Male,37,1,99103.61,2,1,1,782.38,0
8780,15635887,Wilson,604,Germany,Male,33,2,117024.26,1,1,1,4620.16,0
8781,15681637,Kao,651,France,Male,31,8,0,2,1,1,33358.16,0
 8782,15754974,Kao,819,France,Male,40,9,0,2,1,0,99685.5,0
8783,15751643,Wang,589,Germany,Female,39,5,143511.76,1,1,0,71909.43,1
8784,15696096,Kao,785,France,Male,32,4,0,2,1,1,126777.36,0 
6201,15725929,Norman,766,Germany,Male,35,10,134875.41,1,1,1,192652.1,0
6202,15736195,Gibson,736,France,Female,34,4,134364.71,1,1,1,143480.02,0
6203,15665162,Mackay,759,Spain,Male,33,5,0,2,1,0,116123.35,0
 6204,15672312,Ebelegbulam,638,France,Male,28,1,0,2,1,1,148860.67,0
6205,15771561,Hanson,850,France,Female,29,3,123576.02,1,1,0,91400.02,0
6206,15758521,T'ien,706,Germany,Male,29,2,174932.96,2,1,1,116528.01,0 
6807,15605982,Watson,700,France,Female,32,9,0,1,1,0,11349.7,1
6808,15684848,Chinweuba,639,Germany,Male,41,5,122288.57,1,1,0,1723.63,1
6809,15791298,Chinweuba,648,Germany,Male,38,2,141426.21,1,1,1,126356.9,0
 6810,15790263,Chinweuba,732,Spain,Male,24,9,119941.55,2,0,0,182058.98,0
6811,15801018,McIntyre,615,France,Male,49,4,0,2,1,1,133941.48,0
6812,15652441,McIntyre,505,Germany,Female,37,0,142510.26,2,0,0,193373.82,0 
4358,15779436,Watson,571,Spain,Male,48,3,0,3,1,0,155866.67,0
4359,15587435,Toscani,717,Germany,Female,31,7,139876.13,2,1,1,118036.28,0
4360,15796521,Chiu,520,France,Female,30,5,0,2,0,0,26105.37,0
 4361,15750159,Chuang,619,France,Male,22,0,0,2,1,1,8605.2,0
4362,15671876,Chin,684,France,Male,26,9,0,2,1,1,124968.26,0
4363,15663264,Padovano,675,Germany,Female,42,1,122924.53,2,0,1,99362.8,0 
8699,15661608,T'ang,781,France,Female,33,7,0,1,1,1,156825.94,0
8700,15597055,Tsao,549,Germany,Female,31,9,111269.82,2,1,0,82969.65,0
8701,15791803,Clements,543,France,Male,38,10,0,2,1,1,140167.29,0
 8702,15693499,Nwachinemelu,699,France,Female,37,6,0,2,1,1,91342.85,0
8703,15700857,Hsieh,735,Spain,Male,36,8,0,2,1,0,121906.76,0
8704,15805567,Ogbonnaya,817,Spain,Male,42,1,0,2,1,1,156049.12,0 
9497,15737013,Folliero,577,France,Female,44,8,100059.78,1,0,0,93381.75,1
9498,15728595,Ayers,762,France,Male,38,0,131581.97,1,1,1,158523.71,0
9499,15779820,Walker,671,Spain,Male,42,2,0,2,1,1,71949.08,0
 9500,15609737,Chukwujamuike,593,France,Male,36,8,0,2,1,1,188890.96,0
9501,15693901,Chukwujamuike,829,France,Male,31,1,0,2,1,0,34279.12,0
9502,15579259,Chukwujamuike,716,Germany,Male,47,6,156117.45,2,1,0,100827.22,0 
4865,15763623,Kruglov,652,France,Male,30,9,0,2,1,1,43569.75,0
4866,15746127,Carpenter,586,Germany,Male,39,8,107921.75,1,1,1,66890.75,0
4867,15651840,Henderson,818,Germany,Male,34,7,123043.4,1,1,1,95817.38,0
 4868,15602408,Yefremova,811,Spain,Female,31,9,0,2,1,0,1049.27,0
4869,15664539,Ch'ien,512,France,Male,40,2,0,2,1,1,115206.18,0
4870,15691350,Ts'ai,741,Germany,Male,33,1,69600.85,1,1,1,127964.85,0 
2622,15755742,Finney,557,France,Male,21,1,0,2,1,1,172963.35,0
2623,15669715,Arcuri,716,Germany,Male,43,6,118047.8,1,1,0,43852.85,1
2624,15747894,Brown,738,Spain,Male,35,7,0,2,1,0,136712.18,0
 2625,15773660,Ibrahimova,676,Spain,Male,42,2,0,2,1,0,92843.97,0
2626,15555488,Mazzanti,766,Spain,Male,39,7,0,1,1,1,189993.97,0
2627,15786056,Kao,595,France,Male,28,1,0,2,0,1,129590.33,0 
3091,15597975,Becker,582,Spain,Female,23,1,107922.16,2,0,0,124051.8,0
3092,15713117,Caldwell,515,France,Male,30,1,175782.02,1,0,0,152693.04,1
3093,15679845,Lane,721,Germany,Male,35,8,140160.36,1,1,0,106791.27,0
 3094,15782900,Chin,605,France,Male,39,9,0,1,1,1,123367.02,0
3095,15741883,Lucchesi,747,Germany,Male,39,1,130666.01,2,0,0,131223.25,0
3096,15772348,Pisano,619,France,Male,44,5,137061.85,1,1,1,2490.26,0 
5239,15751113,Forbes,746,France,Female,42,2,0,2,0,1,166549.85,0
5240,15574875,Ch'ang,578,Spain,Male,34,3,114563.4,1,0,0,84954.27,0
5241,15807196,Ch'en,743,France,Male,35,7,0,2,1,1,183634.2,0
 5242,15794599,Ch'ien,584,France,Female,37,3,0,2,1,1,85956.14,0
5243,15755885,Feng,668,France,Male,30,1,0,2,0,0,72645.07,0
5244,15715255,Chou,794,Spain,Male,49,6,0,1,0,0,184962.62,1 
3379,15689336,Fanucci,461,France,Male,29,6,0,2,0,0,149280.15,0
3380,15706404,Hs?eh,850,France,Male,54,7,0,1,1,1,101708.54,1
3381,15748792,Chukwudi,521,France,Male,36,8,0,2,1,1,131838.23,0
 3382,15623354,Munro,691,Germany,Male,34,5,94389.12,1,0,1,38350.68,0
3383,15682940,Trevisano,663,France,Female,39,3,0,2,0,0,153268.34,0
3384,15759410,Chimezie,718,France,Male,30,4,0,2,1,1,115649.23,0 
7607,15657788,Fang,671,France,Male,31,1,0,2,0,0,172848.31,0
7608,15769608,Maclean,731,France,Male,40,2,0,2,0,0,95527.08,0
7609,15643949,Lamb,850,France,Female,37,0,0,2,0,0,158821.38,0
 7610,15609741,Sung,850,France,Male,44,4,0,2,0,0,105572.29,0
7611,15660875,Chukwuma,541,Spain,Male,38,1,0,2,1,0,160963.83,0
7612,15755028,Koreneges,850,France,Female,38,10,0,2,1,1,4717.25,0 
9483,15685597,Gill,680,Germany,Female,42,6,131620.56,2,1,0,93823.88,1
9484,15722168,David,537,Germany,Male,29,10,123980.75,1,0,0,82953.08,0
9485,15691510,Marshall,724,France,Female,35,7,0,1,1,0,145437.43,0
 9486,15635420,Johnstone,712,Germany,Female,32,1,132274.63,2,1,1,41844.02,0
9487,15596594,Pugh,850,France,Male,39,4,0,1,1,1,9014.96,0
9488,15591279,P'eng,550,France,Female,44,8,0,1,1,0,149259.26,0 
7123,15623999,Tsao,793,Spain,Male,31,6,0,2,1,1,125917.7,0
7124,15644558,Ch'en,717,France,Female,35,5,125841.32,1,1,1,149945.82,0
7125,15757623,Ferguson,797,France,Female,36,6,0,2,1,0,107595.19,0
 7126,15681571,Ngozichukwuka,615,France,Male,42,8,0,1,1,1,155942.43,0
7127,15776867,Nnamdi,805,France,Female,35,9,0,2,0,0,193362.65,0
7128,15809053,Y?an,653,France,Female,35,2,0,2,1,1,177085.46,0 
1276,15786536,Henderson,605,Germany,Female,44,7,117975.9,1,1,0,164356.59,1
1277,15750871,Manna,737,Germany,Female,45,5,120137.99,2,0,1,183398.41,0
1278,15791346,Chigozie,634,France,Male,40,4,0,2,1,0,103471.04,0
 1279,15587287,Kruglova,648,France,Male,46,6,0,2,1,0,84946.06,0
1280,15766994,Chigozie,608,France,Female,25,9,0,2,0,1,193436.03,0
1281,15634340,Lee,584,France,Female,27,9,118330.41,1,1,0,163867.89,0 
4465,15757839,Shaw,674,France,Female,41,9,0,2,1,0,127060.62,0
4466,15573694,Tyrell,717,Spain,Male,26,5,0,1,1,1,127065.42,0
4467,15666749,Chin,746,Germany,Female,29,1,68227.02,1,0,1,104700.55,0
 4468,15631753,Zetticci,676,Spain,Female,27,3,0,2,1,1,172377.75,0
4469,15646828,Ko,738,France,Male,40,4,0,2,0,1,117910.97,0
4470,15599446,Lane,599,Spain,Male,30,3,0,2,0,0,184477.41,0 
7885,15699299,Bonner,719,France,Male,47,8,126227.07,1,1,0,185580.19,1
7886,15652697,Okeke,563,France,Male,34,5,93158.01,1,1,1,136757.12,0
7887,15697910,Pugliesi,774,France,Male,38,8,0,2,1,1,88685.66,0
 7888,15678151,Chiabuotu,619,France,Female,35,9,0,2,1,0,182046.25,0
7889,15568286,Gallo,600,Spain,Female,40,10,0,1,1,1,153050.03,0
7890,15572614,Dyer,522,France,Female,46,1,0,1,1,1,80156.61,0 
1721,15595806,Zhu,658,France,Female,37,6,0,2,0,0,170873.21,1
1722,15579512,Brennan,672,Spain,Male,38,2,95388.89,2,1,1,103395.16,0
1723,15784330,Loggia,485,France,Male,40,5,0,2,1,0,97934.57,1
 1724,15747896,Nwora,850,France,Male,42,5,0,1,1,0,34117.75,1
1725,15621234,Romano,611,France,Female,47,7,0,2,0,0,182766.8,1
1726,15792235,Bergamaschi,638,France,Female,34,7,0,2,0,1,130121.1,0 
4272,15773372,Golubev,485,France,Female,31,7,0,2,1,0,69072.42,0
4273,15595581,Maclean,579,Spain,Female,37,6,0,2,1,0,134266.85,0
4274,15732290,Yin,637,France,Male,35,6,0,2,0,0,132068.51,0
 4275,15693035,Uwakwe,479,France,Female,51,2,0,2,1,0,152743.01,0
4276,15567228,Ch'eng,524,Germany,Female,46,0,122228.82,1,1,0,118067.94,1
4277,15813306,Casanova,700,France,Male,38,8,0,1,1,1,157038.73,0 
4649,157784356,Ritchie,647,France,Male,39,9,0,1,1,1,153871.19,0
4650,155913354,Becker,554,France,Female,38,7,0,2,1,0,170879.39,0
4651,156687887,Gould,597,France,Female,32,10,0,2,1,1,73876.23,0
 4652,15784881,Otitodilichukwu,714,France,Female,58,1,0,2,1,1,96546.19,0
4653,15623237,McKenzie,635,France,Male,33,7,0,2,0,1,5280.35,0
4654,15750196,Chukwujamuike,645,France,Female,32,2,0,2,1,1,123278.6,0 
2632,15753915,Pisani,552,France,Female,37,1,116051.5,1,1,1,104413.75,0
2633,15642926,Gibson,670,France,Female,22,2,0,2,1,1,121781.76,0
2634,15598076,Kung,628,France,Male,48,8,0,2,1,1,156850.93,0
 2635,15615481,Mazzi,632,France,Male,35,7,0,1,1,0,179397.22,0
2636,15703830,Zikoranachidimma,678,France,Male,36,3,0,2,1,1,141404.44,0
2637,15693596,Pisano,617,Spain,Female,33,5,0,1,1,0,123940.07,0 
3524,15596845,Ch'iu,651,France,Female,43,3,0,2,1,0,125061.23,0
3525,15782688,T'ien,749,Germany,Female,40,7,159363.31,1,1,1,176936.85,1
3526,15582930,Lourio,601,France,Male,37,7,108666.26,1,1,1,157089.06,0
 3527,15571934,Piazza,705,France,Male,33,8,0,1,1,0,176485.39,0
3528,15787534,Rizzo,543,Germany,Female,34,1,127985.33,1,0,0,42159.64,0
3529,15603430,Lucchese,617,France,Female,31,2,0,2,1,0,95941.15,0 
3213,15800823,Aksenov,599,Spain,Male,38,1,116839.67,1,0,0,147974.75,0
3214,15690424,Buccho,662,France,Male,25,8,0,2,1,0,129371.79,0
3215,15798082,Conti,660,France,Female,46,1,0,1,1,1,98882.27,0
 3216,15649735,Manna,792,France,Male,34,5,0,2,1,1,142695.44,0
3217,15735223,Carr,540,France,Male,39,2,0,2,0,0,146749.29,0
3218,15792934,Davide,517,France,Male,48,6,0,1,1,1,82494.95,0 
8013,15707781,Chin,616,France,Female,30,5,0,2,1,1,130160.09,0
8034,15596835,McKenzie,715,Germany,Male,33,9,132023.13,2,0,0,53142.06,1
8035,15677593,Lucchese,672,France,Male,42,2,0,2,1,1,193430.71,0
 8036,15801778,Tien,675,Germany,Female,34,4,129548.29,2,0,1,92955.55,0
8037,15762817,Bevan,611,Germany,Female,32,4,93224.41,2,1,1,149719.47,0
8038,15793478,Kang,730,France,Male,55,3,0,2,1,1,174980.35,0 
9135,15646722,Powell,747,Germany,Female,48,4,104583.41,2,1,1,93543.03,0
9136,15607275,Lo Duca,636,France,Male,56,3,0,1,1,1,177585.98,0
9137,15751383,Ayers,763,Spain,Male,35,3,0,2,1,0,180794.18,0
 9138,15590429,Porter,633,France,Female,28,6,0,2,1,1,13088.94,0
9139,15634227,Brunner,631,France,Male,42,1,152091.13,1,1,0,19580.54,0
9140,15681219,Onwuatuegwu,632,Spain,Male,26,0,0,2,1,0,158354.52,0 
1865,15705528,Endrizzi,655,France,Male,50,7,0,2,1,0,8983.65,1
1866,15716572,Watson,587,Germany,Female,34,2,105750.72,1,1,0,170515.95,0
1867,15573966,Clements,707,Germany,Male,34,5,137780.6,2,1,0,164943.36,0
 1868,15589500,Lo,749,France,Male,42,3,0,2,1,1,133315.41,0
1869,15697069,Cox,636,France,Female,35,9,0,2,0,0,192931.76,0
1870,15574796,Frank,641,France,Male,38,4,0,2,1,1,141805.47,0 
9621,15687200,Ma,636,Spain,Male,41,8,149733.67,1,1,1,116602.94,0
9622,15693785,Chimezie,742,Spain,Female,34,2,0,2,0,0,36774.28,0
9623,15683647,Kao,757,Spain,Male,56,4,121836.3,1,1,1,95656.05,0
 9624,15571454,Tseng,726,France,Female,35,5,0,2,1,1,123767.32,0
9625,15787761,Napolitani,850,France,Male,37,8,0,2,0,1,193336.11,0
9626,15591033,Fanucci,850,France,Female,41,3,0,1,1,1,131510.57,1 
4149,15593020,Chimaijem,709,France,Male,25,2,0,2,1,0,137700.02,0
4150,15582572,Chin,714,France,Male,43,3,0,2,0,0,26019.91,0
4151,15798970,Nkemakonam,724,France,Female,46,7,0,2,1,0,93700.32,0
 4152,15739146,Gibbons,540,Spain,Male,39,8,128911.79,1,0,1,10898.75,0
4153,15593084,T'ang,620,France,Male,39,6,0,2,1,0,137571.96,0
4154,15589772,Crawford,571,France,Female,37,6,0,2,1,0,30485.27,0 
5359,15762714,Cunningham,717,France,Female,29,8,0,2,1,0,58394.01,0
5360,15665919,Rushton,685,France,Male,45,1,0,1,1,1,110744.15,0
5361,15713662,Chiu,662,France,Male,31,2,165980.42,1,1,1,26776.1,0
 5362,15756090,Udinesi,638,Spain,Female,35,8,0,2,0,1,190920.28,0
5363,15640901,Ross,624,France,Male,38,4,0,2,1,1,125069.03,0
5364,15654470,Vasilieva,459,France,Male,32,8,0,1,1,1,150397.12,0 
4190,15706236,De Rose,699,France,Male,39,4,116045.04,1,1,0,106890.46,0
4191,15671994,Norton,633,France,Female,39,1,106696.84,1,1,1,155722.05,1
4192,15708966,Wright,623,France,Female,33,2,104403.47,1,1,1,3898.95,0
 4193,15773488,Buckley,749,France,Female,38,9,0,2,1,0,177784.13,0
4194,15622349,Ch'ang,560,France,Male,37,6,0,2,1,1,97190.93,0
4195,15758351,Bergamaschi,482,France,Male,37,6,0,2,1,0,106730.75,0 
4629,15749052,Wu,650,France,Female,41,3,139545.71,1,1,0,178020.31,1
4630,15734503,Belton,809,Spain,Female,41,5,0,2,1,1,84921.57,0
4631,15747030,Iweobiegbunam,741,France,Male,40,8,0,1,1,1,27176.33,0
 4632,15667054,Horsley,631,Spain,Male,35,7,0,2,1,0,47641.65,0
4633,15682362,Fanucci,644,France,Female,38,1,103032.97,1,1,1,162041.73,0
4634,15579038,Zuyeva,588,France,Male,47,1,0,2,0,0,101853.64,0 
2487,15586439,Mancini,637,France,Male,38,5,0,2,1,0,135879.11,0
2488,15735059,Uspensky,631,Spain,Male,51,0,0,1,0,1,141912.91,1
2489,15576696,Chin,719,France,Female,36,7,156025.38,1,1,1,103965.59,0
 2490,15720946,Philip,629,Germany,Male,34,10,122463.02,1,1,0,55284.72,0
2491,15606597,Fiorentini,475,Germany,Male,53,9,131211.48,2,1,1,191781.18,0
2492,15645861,Briggs,814,France,Female,39,6,0,2,1,1,92127.12,0 
9704,15580127,Niu,575,Germany,Female,40,10,122541.56,1,1,1,57341.01,0
9705,15721528,Cremonesi,675,Germany,Male,35,3,102571.89,1,1,0,176046.02,0
9706,15715291,Hs?,730,France,Male,33,4,0,2,0,0,36749.2,0
 9707,15625693,Y?,756,Germany,Female,43,1,127855.72,1,0,0,163483.24,1
9708,15786461,Hs?,763,France,Male,41,10,0,2,0,0,194017.92,0
9709,15684729,Chimezie,637,France,Female,30,9,0,2,1,0,179898.03,0 
5569,15809360,Hsia,608,Spain,Female,43,5,0,2,1,1,146539.65,0
5570,15578958,Genovesi,756,France,Male,33,3,0,2,1,0,65633.01,0
5571,15751640,Wilson,739,France,Male,38,7,0,2,1,1,146066.89,0
 5572,15763543,Tretiakova,637,France,Male,37,1,0,2,1,1,133977.88,0
5573,15780889,Amaechi,681,France,Male,29,2,0,2,1,0,162333.34,0
5574,15667572,Ts'ao,710,France,Male,30,7,0,1,1,1,171909.55,0 
4226,15752831,Lo Duca,667,France,Male,46,9,0,2,1,0,149791.19,1
4227,15642459,Y?an,649,France,Male,36,9,0,2,0,0,156888.83,0
4228,15795616,Chang,633,France,Female,34,3,0,1,1,1,132948.7,0
 4229,15802050,Ginikanwa,695,France,Male,48,1,0,1,1,0,157886.18,1
4230,15801110,Ebelegbulam,705,France,Male,23,6,0,1,1,1,26974.92,0
4231,15675229,Pajek,710,Spain,Male,32,6,125937.97,1,0,1,114370.55,0 
5245,15631794,Hudson,772,France,Male,36,5,0,2,1,1,103361.57,0
5246,15774792,Greco,680,Spain,Male,31,8,0,2,0,1,155749.56,0
5247,15583640,McMillan,633,Spain,Female,34,3,149842.88,1,1,1,118746.23,0
 5248,15598724,Manna,850,Spain,Male,46,9,0,1,1,0,190855.82,1
5249,15689209,Kerr,834,Germany,Male,67,1,118385.95,1,1,1,158353.98,0
5250,15720404,Ebelegbulam,632,France,Female,42,2,87524.96,1,1,1,85895.03,1 
2881,15691536,Chin,773,France,Male,29,1,117548.97,2,1,0,147271.8,0
2882,15775211,Chimaraoke,823,France,Female,40,4,0,2,0,0,66494.84,0
2883,15661817,Lombardi,621,France,Female,24,8,0,2,1,1,161509.24,0
 2884,15709989,Nwachinemelu,539,France,Female,39,7,0,2,1,1,29697.12,0
2885,15638381,Vinogradov,566,Germany,Male,35,4,126071.79,2,1,1,145963.37,0
2886,15588508,Golubev,436,France,Male,50,8,0,1,1,1,22802.72,1 
7137,15774640,Fang,670,France,Female,30,2,0,2,1,0,162156.33,0
7138,15791322,Ch'eng,529,France,Male,42,2,0,2,1,1,56477.67,0
7139,15665890,Lombardi,627,Spain,Male,41,8,0,2,1,1,128332.1,0
 7140,15683749,Yeh,729,France,Male,34,8,91321.22,1,1,0,182030.04,0
7141,15576961,Omeokachie,749,Spain,Male,36,1,0,1,0,1,167856.41,0
7142,15755938,Carpenter,811,France,Male,46,10,0,2,1,1,140014.25,0 
7934,15717689,Holmes,596,France,Female,32,2,0,2,0,0,10219.99,0
7935,15665787,Walker,731,France,Male,41,3,0,2,1,1,152150.96,0
7936,15710110,Grant,814,Spain,Female,30,9,118943.99,2,0,1,192620.63,0
 7937,15581326,Hsueh,724,Germany,Female,27,6,126471.88,1,0,1,137526.56,0
7938,15668397,Kang,560,France,Female,30,0,178571.53,1,1,0,123621.03,0
7939,15781470,Tyree,670,France,Male,45,9,110944.57,1,1,1,77408.86,0 
6721,15697184,Teng,741,France,Male,40,4,0,1,1,1,161422.78,0
6722,15640372,Hs?eh,624,France,Female,35,3,0,2,1,0,177419.33,0
6723,15762324,Cremonesi,633,Germany,Female,38,1,148912.68,2,1,1,156917.43,0
 6724,15681721,Ch'ang,773,France,Male,37,8,100885.44,1,1,0,82634.96,0
6725,15762923,Tsao,624,Germany,Male,45,5,117958.91,1,1,1,123972.42,1
6726,15649330,Milani,769,Germany,Female,38,4,109995.86,2,1,0,181804.15,0 
6031,15686658,Chiu,589,Germany,Male,28,1,99161.01,2,1,1,77319.59,0
6032,15786581,Toscano,746,France,Male,50,7,0,1,0,0,166154.61,1
6033,15772928,Eberegbulam,765,France,Female,47,10,0,2,1,1,127629.94,0
 6034,15759555,Hsing,608,France,Female,36,1,0,1,0,0,142278.4,0
6035,15756972,K'ung,641,France,Female,36,2,0,2,1,0,67059.38,0
6036,15676655,Ch'ien,547,France,Male,27,2,0,2,1,1,135091.55,0 
2850,15652902,Chioke,758,France,Male,31,9,0,2,0,0,134881.85,1
2851,15790721,Humphries,850,Spain,Female,40,5,0,1,1,0,162341.81,1
2852,15774744,Trevisan,685,France,Male,32,4,0,2,1,1,89847.27,0
 2853,15690338,Lucchese,646,France,Female,45,6,0,2,0,1,166901.83,0
2854,15775891,Chuang,513,France,Male,43,4,0,2,1,0,179907.6,0
2855,15727306,Denney,698,Spain,Male,23,10,0,2,1,1,56793.79,0 
950,15678853,Chukwuemeka,674,France,Male,25,3,101976.62,1,0,1,126925.38,0
951,15715290,Kazantsev,793,Spain,Female,37,9,0,1,1,1,179873.38,0
952,15778613,Nkemakonam,668,France,Female,37,8,0,1,1,0,193276.77,0
 953,15642267,Pisani,543,Germany,Male,38,1,102972.7,2,1,0,117573.67,0
954,15658020,Allen,850,France,Male,38,9,0,2,0,0,198175.72,0
955,15725396,Chinwemma,711,Germany,Female,34,6,84385.92,2,1,1,195981.25,0 
3377,15652066,Barber,704,France,Female,73,5,110184.62,1,0,1,178835.08,0
3378,15661863,Milano,850,Germany,Female,42,1,156954.43,1,1,1,188960.42,0
3379,15732348,Kao,630,Spain,Male,41,2,133078.54,2,1,0,56549.58,0
 3380,15767808,Bergamaschi,637,Germany,Male,32,9,118092.46,2,1,1,169564.26,0
3381,15621221,Pisani,543,France,Male,34,6,0,2,1,1,81372.24,0
3382,15696080,Shen,547,Spain,Male,27,4,0,2,1,1,48550.1,0 
7790,15581292,Otutodilinna,704,France,Male,40,3,138793.81,1,1,0,117859.53,0
7791,15788584,Ch'eng,790,Germany,Male,35,2,139511.46,2,1,0,153323.81,0
7792,15700262,Udokamma,701,Spain,Female,43,3,0,2,1,1,86293.28,0
 7793,15786155,Meng,595,France,Male,43,8,0,1,1,1,5035.83,0
7794,15791782,Perkins,776,France,Male,43,8,0,2,1,1,160785.21,0
7795,15633478,Wright,835,France,Male,40,7,0,2,1,0,53474.51,0 
5238,15602907,Dodd,680,France,Male,37,6,0,2,1,0,136037.11,0
5239,15685867,Gibson,733,France,Male,34,4,91376.72,1,1,1,113412.71,0
5240,15634607,Moye,850,Spain,Male,36,2,0,2,1,1,170735.38,0
 5241,15581353,Lavrentiev,584,France,Female,32,8,0,2,1,1,172978.39,0
5242,15772029,Mackay,622,Spain,Male,38,7,138296.19,1,1,1,138946.12,0
5243,15679570,Gill,722,France,Male,33,9,123539.57,1,1,0,162768.14,0 
2434,15805980,Folliero,636,Spain,Male,38,1,0,1,0,1,148094.46,0
2435,15789221,Ogbonnaya,647,Spain,Male,37,4,0,2,1,0,114343.33,0
2436,15631386,Enyinnaya,723,Spain,Male,44,9,0,1,1,0,163144.66,0
 2437,15643527,Gorbunov,624,France,Male,26,3,0,2,1,1,154571.58,0
2438,15652881,Israel,738,France,Male,31,8,0,2,0,0,26438.07,0
2439,15571404,Hardy,566,France,Female,37,6,0,2,1,1,93737.2,0 
5218,15762421,Ferguson,543,Spain,Female,29,7,0,2,1,1,132711.72,0
5219,15665931,Pinto,599,Spain,Male,28,1,0,2,0,0,17521.06,0
5220,15782350,Okwudilichukwu,753,France,Male,38,2,0,2,0,0,49750.55,0
 5221,15712671,Yevseyev,624,France,Female,44,7,111949.1,1,1,0,195758.84,1
5222,15747705,Chibuzo,625,France,Male,37,9,0,2,1,0,141771.92,0
5223,15783980,Lucchese,743,France,Male,28,7,0,1,1,0,172623.15,0 
9798,15751732,Burbidge,745,France,Male,25,3,0,2,1,1,84893.47,0
9799,15683546,Chao,566,Germany,Male,43,1,127962.43,1,0,0,144614.36,1
9800,15595258,Mai,601,France,Female,32,7,0,2,1,1,131716.66,0
 9801,15609124,Que,496,Spain,Male,37,3,0,2,1,0,141337.46,0
9802,15683558,Onyekaozulu,850,Spain,Male,35,2,163083.48,1,1,1,103496.26,0
9803,15757792,O'Brien,606,France,Male,30,7,0,1,1,1,85369.68,0 
4974,15704721,Macleod,744,Spain,Female,41,4,0,2,1,1,159500.21,0
4975,15706090,Chiedozie,769,France,Female,32,2,0,2,1,1,86881.64,0
4976,15765261,Farkas,679,France,Male,48,0,0,1,1,1,91926.15,0
 4977,15585799,Nwabugwu,612,France,Female,33,9,0,2,0,0,189995.47,0
4978,15721483,Pinto,521,France,Female,38,7,0,1,1,0,55832.07,0
4979,15638753,Yobanna,694,Spain,Male,36,4,0,2,1,1,149388.58,0 
907,15729042,Gibson,587,France,Female,31,5,0,2,1,0,52383.96,0
908,15744005,Mason,719,France,Female,41,2,0,2,0,0,94785.15,0
909,15694951,Van Voorhis,493,Spain,Male,38,2,95556.66,1,1,1,154675.83,0
 910,15576429,Chinedum,554,France,Female,30,10,0,2,1,0,139617.8,0
911,15731249,Toscano,737,Germany,Male,30,2,121327.99,1,1,1,171222.19,1
912,15694945,Simmons,614,Spain,Female,50,4,0,1,1,1,107544.08,0 
7339,15809869,Kazantsev,603,France,Female,37,2,133713.78,1,1,0,8445.22,0
7340,15778930,Elder,665,Spain,Male,35,9,0,1,1,1,1896.85,0
7341,15699608,Bellucci,492,Germany,Female,43,2,115924.63,2,1,1,117600.46,0
 7342,15668171,Murray,639,France,Male,37,1,0,2,0,1,870.1,0
7343,15728006,Cox,589,Spain,Female,40,4,0,1,1,1,141057.15,0
7344,15806945,Ford,744,France,Female,50,6,0,1,0,0,172864.96,1 
7091,15805949,Ch'iu,593,France,Female,42,1,0,2,1,0,141512.32,0
7092,15605459,Beneventi,711,France,Male,37,4,0,2,1,1,149816.05,0
7093,15713021,Yudina,723,France,Male,41,7,0,1,0,0,162078.13,0
 7094,15756048,Loggia,619,Spain,Female,55,2,0,2,1,0,96699.73,1
7095,15701622,Ferguson,744,France,Male,29,6,0,2,1,1,138372.04,0
7096,15785955,Cameron,575,France,Male,38,6,0,2,0,0,185160.91,0 
5568,15792824,Young,608,Germany,Male,46,9,123865.04,2,1,0,29910.97,0
5569,15793857,Hsieh,599,France,Male,37,2,0,2,1,0,107788.21,0
5570,15774303,Munro,817,France,Female,55,4,0,1,0,1,177586.97,1
 5571,15770781,Pugliesi,624,Spain,Male,36,5,0,2,1,0,47268.18,0
5572,15682273,Chin,521,Germany,Male,64,9,124518.03,1,0,1,186829.26,1
5573,15668852,Ferrari,724,Germany,Male,41,5,113563.37,1,1,1,81278.72,0 
6581,15597832,Fanucci,646,France,Female,37,2,0,2,0,0,89121.78,0
6582,15579326,Abramovich,619,Germany,Male,39,3,120151.44,1,1,0,10393.29,1
6583,15772435,Onyemachukwu,710,France,Male,24,1,0,2,1,0,35609.95,0
 6584,15621320,Eluemuno,678,France,Male,46,7,0,1,1,1,113791.69,0
6585,15783595,Sabbatini,693,Germany,Female,40,4,95171.28,1,1,1,132534.12,0
6586,15671883,Boyle,698,Germany,Male,37,8,36698.89,2,1,1,172964.86,0 
721,15720508,Herbert,640,France,Male,37,1,181263.9,1,1,1,163621.16,0
722,15764780,Lloyd,570,France,Female,38,9,0,2,1,0,95382.8,0
723,15740570,Chukwujamuike,693,Germany,Male,43,3,109471.35,2,1,0,114665.79,0
 724,15661225,Yeh,757,Spain,Male,37,1,0,2,0,1,136966.95,0
725,15682029,Chukwuhaenye,502,Germany,Female,36,4,102563.13,2,1,0,112139.01,0
726,15737023,Clements,618,Germany,Female,34,0,146945.94,2,1,0,136190.34,0 
6333,15636713,Ridewell,638,France,Female,38,7,0,2,1,0,68194.06,0
6334,15613581,Hs?eh,632,France,Male,37,8,0,2,1,1,132399.13,0
6335,15677514,Wang,502,France,Male,35,2,0,2,1,0,161431.36,0
 6336,15605926,Aitken,738,France,Female,48,1,0,2,1,1,147409.06,0
6337,15627935,Mai,541,France,Male,31,9,0,2,1,0,111536.54,0
6338,15698416,Nnonso,567,Germany,Female,39,8,120380.01,1,0,0,111685.57,0 
6826,15776028,Hou,567,France,Female,42,8,0,2,1,1,178666.98,0
6827,15787947,McIntyre,517,Spain,Male,33,4,118044.44,1,1,1,5530.4,0
6828,15769764,Iroawuchi,646,Germany,Male,41,6,152076.75,1,1,1,193588.99,0
 6829,15758072,Boyle,737,France,Male,32,5,0,3,1,1,14027.57,0
6830,15770489,Hsieh,709,Germany,Male,25,1,116763.39,1,0,1,33293.28,0
6831,15643414,Stephenson,686,France,Male,44,4,121421.28,1,1,1,43390.82,0 
8188,15683617,Kazantseva,748,France,Female,39,2,134444.74,1,0,0,194184.11,0
8189,15683510,Fang,537,France,Male,36,1,118976.71,1,0,0,128419.04,1
8190,15775714,Maclean,751,France,Male,31,9,0,2,1,1,186244.69,0
 8191,15696837,Chukwudi,592,Germany,Male,50,3,143372.02,1,1,0,106696.45,1
8192,15807430,K?,619,France,Male,55,2,0,2,1,1,75373.26,0
8193,15776417,Capon,676,Germany,Female,32,2,78703.72,1,1,1,136947.14,0 
5244,15769073,Anayolisa,669,Spain,Male,32,3,127874.71,1,0,1,152928.92,0
5245,15688173,Walton,640,Spain,Male,26,4,0,1,0,1,146083.18,0
5246,15667782,Yao,631,France,Male,29,3,0,2,1,1,83789.42,0
 5247,15591533,Greco,713,Spain,Male,42,0,0,2,1,1,138215.65,0
5248,15593890,Maclean,728,Spain,Male,38,7,0,2,1,1,152216.19,0
5249,15749948,Nwankwo,730,France,Female,38,9,104548.94,1,0,1,142939.42,0 
7259,15596859,Fulcher,665,Spain,Female,24,2,0,2,1,0,138829.75,0
7260,15711488,Pisano,660,France,Male,33,1,136859.6,1,0,1,190317.76,0
7261,15642767,McKenzie,611,France,Male,38,8,0,2,1,0,189535.87,0
 7262,15688261,Miracle,655,France,Female,34,1,0,2,1,0,67245.43,0
7263,15813537,Wang,414,Germany,Male,41,1,107978.57,1,1,0,121074.68,1
7264,15590631,Ndubueze,567,Spain,Male,41,3,0,2,1,0,73833.2,0 
5236,15755087,Colwell,685,Germany,Male,42,8,139799.22,2,1,0,90830.58,1
5237,15741124,Lucchese,656,Germany,Male,38,1,127910.82,1,1,1,188220.81,0
5238,15779827,Okagbue,732,Germany,Male,31,6,128800.56,2,1,1,88100.99,0
 5239,15665631,Pinto,710,Germany,Male,36,1,129732.96,1,1,1,103785.55,0
5240,15590960,Baresi,767,Germany,Male,33,9,134935.21,1,1,0,79151.57,0
5241,15639893,Ch'ien,624,France,Female,43,3,0,2,1,0,186780.23,0 
4548,15785581,Tien,688,France,Male,33,1,0,2,1,1,96947.84,0
4549,15632217,Hs?eh,683,France,Female,45,2,0,2,1,1,78815.05,0
4550,15572235,Davies,652,Germany,Female,32,1,138805.57,1,1,1,175691.13,0
 4551,15643842,McKenzie,624,Germany,Female,33,7,108814.74,1,1,1,39407.36,0
4552,15757916,Cameron,769,France,Male,29,4,0,2,1,1,79054.02,0
4553,15656788,H?,527,Germany,Female,45,6,103364.37,2,1,0,131710.69,1 
879,15691769,Onyekaozulu,756,Spain,Female,41,6,0,2,1,0,193339.27,0
880,15595583,Rhodes,595,France,Male,25,7,0,2,1,1,98778.46,0
881,15684669,Pirozzi,769,Spain,Male,25,9,0,1,1,1,6073.18,0
 882,15718575,Tao,449,France,Male,28,3,0,2,1,0,181598.42,0
883,15577597,Hsia,472,France,Male,38,5,0,2,1,0,3915.64,0
884,15796466,Tang,742,Spain,Male,30,2,0,2,1,1,193329.6,0 
8473,15771184,Chin,508,France,Male,41,9,0,2,1,1,94237.25,0
8474,15622520,Iweobiegbunam,850,France,Male,48,8,0,2,0,0,151493.75,0
8475,15617243,Bryant,589,France,Female,35,10,0,2,0,0,105419.25,0
 8476,15798907,McGregor,608,France,Male,39,7,141597.36,1,1,0,171908.76,1
8477,15794519,Gordon,655,France,Male,40,7,0,2,1,0,168811.95,0
8478,15684210,Genovese,581,France,Male,37,3,108972.35,2,0,0,36705.46,0 
5297,15667407,Trevisano,680,France,Male,52,1,0,2,1,1,141457.2,1
5298,15676877,Shen,643,France,Female,29,9,122219.53,1,1,1,26928.7,0
5299,15807058,Trevisano,744,France,Female,36,2,0,2,1,0,873.26,0
 5300,15648884,Udinese,735,France,Male,47,7,187697.71,1,1,0,27483.01,1
5301,15639956,Nwokezuike,629,Germany,Female,37,1,123655.73,1,1,0,163737.51,1
5302,15586717,Carroll,707,France,Female,32,0,0,2,1,1,12098.8,0 
4203,15622484,Watson,589,Germany,Male,33,6,98655.71,2,1,1,88776.97,0
4204,15634418,Tsui,577,Spain,Female,24,8,0,2,1,1,174601.52,0
4205,15607592,Crawford,564,Spain,Female,36,9,0,2,1,1,19246.5,0
 4206,15664800,Chigolum,649,France,Female,43,0,0,1,1,1,126845.48,1
4207,15674823,Smith,735,Spain,Male,42,9,0,2,1,1,81408.04,0
4208,15612041,Chang,850,France,Female,39,4,0,2,1,1,174793.76,0 
7565,15670067,Hancock,677,Spain,Female,31,4,0,2,1,1,141143.12,0
7566,15737242,Lockhart,707,Germany,Female,44,1,110829.21,2,0,0,129923.58,0
7567,15788075,Chiu,639,Germany,Male,38,9,90817.69,1,1,0,11996.82,0
 7568,15613688,Kirwan,599,France,Male,30,7,102922.63,1,1,0,114516.95,0
7569,15697594,O'Neill,724,France,Male,40,9,0,2,1,1,103670.56,0
7570,15787086,Johnston,766,Spain,Male,25,2,0,3,1,0,175928.43,0 
1908,15758746,Pinto,741,France,Female,50,6,0,1,1,0,195801.84,1
1909,15692972,Lai,721,France,Male,33,2,0,2,1,1,180904.65,0
1910,15689329,Kao,577,France,Female,38,9,0,1,1,0,191179.44,0
 1911,15586428,Woolnough,749,Spain,Female,34,5,99392.68,2,1,1,119909.04,0
1912,15683019,Longo,717,France,Female,24,7,0,2,1,1,143931.89,0
1913,15735608,Walker,663,Spain,Female,37,1,0,2,1,1,92413.55,0 
2785,15675149,Chizoba,586,Germany,Female,33,7,148605.74,2,1,1,131743.67,0
2786,15592048,Gibson,727,Germany,Female,35,4,116422.27,1,1,1,153870.24,0
2787,15809916,Mao,593,Spain,Male,36,8,0,2,1,1,163817.4,0
 2788,15772827,Somadina,639,Spain,Female,29,1,0,2,1,1,6835.16,0
2789,15585900,Giordano,850,France,Female,33,5,0,1,1,1,193313.16,0
2790,15725429,Forbes,742,Spain,Male,34,3,0,2,1,0,195767.81,0 
3044,15661802,Ginikanwa,599,France,Male,35,9,0,2,1,1,172089.43,0
3045,15791157,Yen,612,France,Male,41,8,124730.16,1,0,1,191697.41,0
3046,15651872,Ch'iu,601,Spain,Female,33,3,0,2,0,1,147626.22,0
 3047,15774040,Wright,682,France,Female,55,4,0,2,1,1,137924.81,0
3048,15802776,Ginikanwa,721,Spain,Male,38,1,124173.5,2,0,1,1166.04,0
3049,15626850,Estrada,743,France,Male,29,8,0,2,0,0,130265.87,0 
6231,15728027,Connolly,719,France,Male,29,1,124066.88,1,0,0,152801.61,0
6232,15693093,Owens,634,Spain,Female,43,4,0,2,1,0,94783.24,0
6233,15791388,Sorokina,540,France,Male,39,4,0,2,1,1,124454.15,0
 6234,15683521,Moretti,719,Germany,Male,34,2,127732.33,2,0,1,168778.37,0
6235,15603767,Trevisani,667,France,Female,35,2,0,2,1,1,121594.54,0
6236,15751626,Yudina,742,Spain,Male,42,1,0,1,1,1,15349.41,0 
1485,15674396,Lees,499,France,Male,37,1,0,2,1,1,105929.49,0
1486,15681802,Chia,594,Spain,Male,37,6,0,2,1,1,92666.18,0
1487,15739313,Liang,624,France,Male,32,5,0,2,1,1,180422.48,0
 1488,15678514,Ch'in,848,France,Male,26,7,0,1,1,0,158817.45,0
1489,15667549,Crawford,521,France,Female,40,8,0,2,1,1,58953.39,0
1490,15754673,Toscano,722,Germany,Male,28,10,131832.06,2,1,1,193780.62,0 
5297,15753497,Vargas,609,Spain,Female,38,8,123371.27,1,1,1,133042.77,1
5298,15575320,Amaechi,576,Spain,Female,38,4,115946.12,2,0,0,69047.73,0
5299,15574444,Shih,729,Germany,Male,39,4,149826.46,1,1,0,167929.22,1
 5300,15679031,Manna,441,Spain,Male,41,1,0,2,1,1,126865.08,0
5301,15661233,T'ien,646,Spain,Male,71,8,0,2,1,1,135924.8,0
5302,15807051,Enoch,633,France,Female,42,5,121384.61,1,1,1,178045.78,0 
9231,15690942,Onwubukedu,606,France,Male,30,1,161295.44,1,0,0,111664.04,0
9232,15692748,Ts'ui,622,France,Female,35,2,0,2,1,1,119068.02,0
9233,15755873,Hs?,472,Spain,Male,28,1,0,2,1,0,132433.49,0
 9234,15756335,Ch'eng,665,Spain,Male,48,6,0,2,1,1,154738.45,0
9235,15789394,Onwuamaeze,767,France,Male,30,5,0,2,1,1,165742.28,0
9236,15679988,White,712,France,Female,40,6,0,2,1,0,166471.99,0 
6924,15735472,Moss,580,France,Male,42,1,0,1,1,1,23893.81,0
6925,15753833,Oluchukwu,644,France,Male,34,8,0,2,1,1,40386.17,0
6926,15588072,Toscani,638,Spain,Female,41,7,0,1,1,1,100831.4,0
 6927,15800878,Ch'eng,609,France,Male,44,1,0,2,0,1,56138.16,0
6928,15754043,Clibborn,682,France,Female,43,4,106158.86,1,1,1,191252.23,0
6929,15685491,P'eng,679,Germany,Female,38,5,90876.23,2,1,0,130839.78,0 
4468,15662358,Ch'ang,850,Germany,Female,41,6,148189.52,2,0,0,167777.19,0
4469,15808245,She,546,Spain,Male,40,8,0,1,1,0,144046.76,0
4470,15774875,Moretti,721,France,Female,41,4,0,2,1,1,171219.38,0
 4471,15701139,Watson,697,Spain,Female,38,9,0,2,0,0,172927.45,0
4472,15777560,Sanders,595,France,Female,43,8,121511.65,1,1,0,93199.31,0
4473,15738354,Ginikanwa,663,France,Male,36,6,0,2,1,1,194476.57,0 
988,15663109,T'ang,782,Spain,Male,32,2,0,1,1,1,140537.87,0
989,15762931,P'eng,747,France,Male,34,4,0,2,1,1,184843.12,0
990,15693581,Chuang,721,France,Male,36,9,0,2,1,1,41733.92,0
 991,15632172,Tsao,659,Spain,Male,36,3,0,1,1,0,139860.19,0
992,15792454,Martin,735,France,Male,33,6,0,2,1,1,108838.55,0
993,15783935,Pisani,619,France,Female,37,9,0,1,1,1,72907.33,0 
2384,15799410,Lombardo,766,Spain,Male,40,7,0,1,1,1,57625.12,0
2385,15662717,Lombardo,572,France,Female,36,10,0,2,1,0,134913.47,0
2386,15607569,Owen,632,Germany,Female,38,10,161437.39,1,1,1,70106.18,0
 2387,15690063,Tao,674,Spain,Male,36,9,0,1,1,1,25468.67,0
2388,15609577,Chiu,835,Spain,Female,45,1,0,2,1,0,176953.42,0
2389,15756955,Lombardo,724,Spain,Male,37,4,0,1,1,1,132913.72,0 
7083,15693581,Nnaemeka,595,France,Male,39,8,0,2,1,1,170086.05,0
7084,15631953,Forbes,690,France,Male,42,4,0,2,0,0,4193.05,0
7085,15680050,Goddard,592,France,Female,44,3,0,2,1,0,18093.04,0
 7086,15733916,McCartney,632,Germany,Female,60,6,113762.32,1,0,0,1947.86,1
7087,15629494,L?,500,France,Male,41,8,0,2,1,1,51677.18,0
7088,15773043,Barnes,534,France,Female,44,7,0,2,1,1,83898.11,0 
7822,15759204,Lorenzen,606,France,Male,37,0,0,2,0,0,105047.94,0
7823,15600846,Ts'ui,681,Spain,Female,28,8,0,2,1,1,158747.54,0
7824,15760368,Udinesi,624,Germany,Male,40,4,142642.4,1,1,1,131706.72,0
 7825,15740367,Davies,622,France,Male,37,2,0,2,1,1,180121.83,0
7826,15692776,Moore,772,France,Female,33,1,0,2,1,0,123815.09,0
7827,15790379,Cattaneo,715,France,Male,28,5,0,2,0,0,27338.55,0 
4915,15796477,Bogolyubova,633,France,Female,30,2,0,2,1,1,99837.72,0
4916,15796601,Lung,813,France,Male,36,2,0,2,1,1,188351.33,0
4917,15682425,Waters,663,Spain,Male,58,3,0,1,1,1,159722.52,0
 4918,15675330,Ritchie,648,Germany,Male,40,5,120456.66,3,1,0,171386.18,1
4919,15594617,Gibson,660,France,Female,32,1,0,2,0,0,188743.74,0
4920,15685836,Page,676,Germany,Male,46,8,141403.7,1,1,0,71610.42,1 
8937,15785885,Caldwell,588,France,Female,41,1,0,2,1,1,1789,0
8938,15590311,Y?,648,Germany,Female,42,2,110714.7,1,1,1,731,0
8939,15622596,Davison,619,Spain,Male,37,5,0,2,1,1,156518.76,0
 8940,15807006,McIntyre,724,Germany,Male,37,5,90303.74,1,1,0,101859.01,0
8941,15673413,Watson,625,Germany,Female,41,4,166102.62,2,1,1,162779.15,0
8942,15764409,Y?,738,France,Male,37,3,0,2,1,1,67483.32,0 
7497,15734274,Hsia,789,France,Male,40,8,0,1,1,1,143886.35,0
7498,15724009,Calabresi,520,Germany,Female,49,9,123581.21,1,1,1,135057.62,1
7499,15602789,P'eng,521,France,Male,39,8,0,2,1,0,160865.14,0
 7500,15782122,Chukwukere,731,France,Male,30,2,0,2,0,1,93360.58,0
7501,15633388,Chiang,682,France,Male,40,8,0,1,1,0,178197.7,1
7502,15643896,Cherkasova,738,Germany,Female,48,7,129754.71,2,1,0,161333.09,1 
7244,15733158,Chin,660,France,Male,23,3,0,2,1,1,139575.08,0
7245,15764118,Kharlamova,600,Germany,Male,46,8,151091.5,1,1,0,19426.57,1
7246,15595697,Chukwujekwu,850,Germany,Male,42,9,172888.79,1,1,1,133360.58,0
 7247,15629417,Hale,687,France,Female,30,9,0,2,1,1,168213.13,0
7248,15761226,Chukwuhaenye,546,France,Female,33,3,134444.82,1,1,1,85477.62,0
7249,15786968,Genovese,738,France,Female,38,7,0,2,1,0,134303.97,0 
4113,15769906,Chukwudi,606,Germany,Female,41,8,102032.1,1,1,0,73295.97,0
4114,15690981,Lai,623,France,Male,36,4,0,2,1,1,140696.08,0
4115,15781880,Steele,711,Spain,Female,50,7,0,1,0,0,148788.21,1
 4116,15640137,Smith,547,France,Female,52,9,0,1,1,0,57124.02,1
4117,15643811,Ugochukwu,611,France,Male,40,10,0,2,0,0,109276.19,0
4118,15643759,Efimov,774,Germany,Female,40,5,110103.95,2,1,1,83584.98,0 
6729,15681659,Wright,631,France,Female,40,7,0,2,1,1,174875.42,0
6730,15691905,Wall,635,France,Female,28,3,0,2,1,1,130043.05,0
6731,15658064,Bates,719,Spain,Male,38,4,0,1,1,1,192460.4,0
 6732,15572893,Swanson,636,Spain,Male,26,8,0,1,1,0,54088.57,0
6733,15602801,T'ien,698,France,Male,33,3,0,2,1,1,95936.32,0
6734,15746197,Burtch,689,France,Female,35,1,0,2,1,1,167083.65,0 
7104,15775595,Meng,850,France,Female,29,2,141404.98,2,1,0,106586.23,0
7105,15647858,Han,573,Germany,Male,55,4,181155.72,1,1,0,32294.44,1
7106,15772729,Dodd,684,France,Male,36,5,0,2,1,1,159091.5,0
 7107,15605872,Meng,575,France,Female,33,10,155163.52,1,1,0,104040.43,0
7108,15688815,Meng,719,France,Male,32,7,125418.45,1,0,0,109014.36,0
7109,15773052,Mai,719,France,Male,32,0,0,2,1,1,161932.75,0 
7183,15614813,Sinclair,628,France,Male,31,10,103602.91,1,0,0,96723.06,0
7184,15711229,Cunningham,621,France,Female,29,4,0,2,1,1,17295.87,0
7185,15802688,McGregor,766,France,Male,33,5,0,1,1,0,167072.62,0
 7186,15663555,Cameron,749,Spain,Male,40,8,0,2,0,0,933.96,0
7187,15670177,Mazzi,724,France,Female,45,6,0,2,1,1,48027.37,0
7188,15761384,Holloway,569,Germany,Female,35,9,121053.48,2,0,0,105838.93,0 
1423,15646871,Lucchesi,639,Germany,Male,41,7,110868.64,2,1,1,93540.12,0
1424,15570048,Hsu,571,France,Male,31,1,0,2,1,0,12817.45,0
1425,15684792,Chukwumaobim,539,France,Female,34,9,0,2,0,1,148813.12,0
 1426,15752056,Chikezie,632,Germany,Female,37,1,102968.56,1,1,0,23592.06,0
1427,15580641,Y?,742,Germany,Male,38,2,152064.05,2,0,0,70284.53,0
1428,15688678,Piccio,622,Germany,Male,30,3,119827.6,2,1,0,189947.17,0 
5958,15794770,Anderson,577,France,Male,48,2,0,1,1,1,160857.21,0
5959,15683111,Crawford,850,Spain,Female,29,5,0,2,0,0,90588.41,0
5960,15658837,Chukwualuka,697,Germany,Male,29,3,124900.9,1,0,1,134523.59,0
 5961,15666962,Cameron,709,Germany,Male,38,4,134444.29,2,1,0,145892.89,0
5962,15648439,Ferrari,600,France,Female,30,4,0,2,0,1,24835.6,0
5963,15672627,Otutodilichukwu,698,France,Male,37,9,0,2,0,0,34137.13,0 
2095,15641370,Scott,617,France,Female,41,0,142547.18,1,0,0,6047.8,0
2096,15602787,McKenzie,818,France,Male,39,1,0,2,1,0,116910.72,0
2097,15603500,Watt,850,France,Male,33,2,0,2,0,0,144954.11,0
 2098,15794573,Ch'eng,691,France,Female,44,10,0,2,1,0,124477.21,0
2099,15756870,Buccho,622,Germany,Female,40,9,123563.36,3,1,0,163311.64,1
2100,15627051,Lombardi,487,France,Male,24,2,0,2,1,1,180850.24,0 
5205,15791653,Forbes,731,Spain,Female,49,1,0,1,1,1,167848.05,0
5206,15713508,Ritchie,850,France,Female,45,1,0,1,1,1,73241.68,0
5207,15781458,Miller,506,France,Female,41,8,0,2,1,0,165991.89,0
 5208,15688063,Baresi,527,France,Male,38,7,133989.07,1,0,0,178293.33,0
5209,15681784,Sung,583,France,Male,32,2,0,2,0,0,111280.67,0
5210,15760115,Wilson,671,Germany,Male,48,6,135396.57,1,1,1,146650.85,0 
3957,15791798,Niu,702,France,Male,31,8,130443.36,1,0,0,84937.41,0
3958,15579983,Manfrin,675,France,Male,30,9,0,1,1,1,192360.02,0
3959,15799435,Maclean,716,France,Male,34,6,0,2,1,1,141472.81,0
 3960,15754556,Rizzo,739,Spain,Male,60,2,0,2,1,0,61294.86,0
3961,15697873,Cameron,611,France,Female,41,8,0,2,0,1,72694.73,0
3962,15793550,Tuan,598,Spain,Male,38,3,0,2,0,0,32651.8,0 
6057,15797975,Chuang,586,Spain,Male,33,3,0,2,0,0,127541.54,0
6058,15768709,Hughes,571,France,Male,37,4,0,2,0,0,141647.96,0
6059,15594328,Korovin,624,France,Male,42,5,114330.09,1,0,0,139488.28,1
 6060,15781544,Udinese,628,Germany,Male,32,7,135435.61,1,1,1,163726.09,0
6061,15724309,Buccho,632,France,Female,33,9,0,2,1,1,104483.11,0
6062,15584939,Korovin,622,Germany,Female,43,4,79971.36,1,1,1,185488.64,1 
7945,15765530,Sung,722,France,Male,27,4,0,2,1,1,195664.21,0
7946,15576655,Teng,773,France,Female,33,3,141862.02,1,1,1,121713.13,0
7947,15737665,Okagbue,553,Germany,Female,44,0,111910.56,3,1,1,149984.77,1
 7948,15571056,McIntyre,721,France,Female,31,7,0,1,1,0,173653.06,0
7949,15749545,Palerma,537,Spain,Male,36,2,0,2,1,0,44211.21,0
7950,15575367,Ch'ang,552,France,Female,39,3,0,1,1,1,110789.05,0 
7159,15587215,Lloyd,638,France,Female,37,8,0,2,1,0,150902.52,0
7160,15750166,Robertson,674,Germany,Female,44,4,122956.83,1,1,1,140869.54,0
7161,15680187,Kerr,718,France,Female,54,9,0,2,1,1,177989.43,0
 7162,15702041,Tao,609,France,Female,33,7,121546.98,1,1,0,1090.35,0
7163,15709481,Macleod,554,Germany,Female,35,7,144510.22,1,1,1,94320.53,0
7164,15720003,Feng,709,France,Female,49,2,0,1,1,0,76524.97,0 
4750,15727881,Cocci,641,France,Female,42,3,150285.75,1,1,1,58094.42,1
4751,15710677,Pisano,532,France,Female,32,4,0,2,1,1,109994.66,0
4752,15782214,Murray,817,France,Male,43,2,0,2,0,1,67503.94,0
 4753,15605058,Anecho,580,Germany,Male,41,1,107572.23,1,1,1,146942.41,0
4754,15771386,Capon,829,Spain,Male,40,1,0,1,1,0,149752.1,1
4755,15672589,Ch'ang,619,France,Female,26,3,0,2,1,0,191054.14,0 
5484,15804920,Mistry,717,Germany,Male,31,5,136754.52,1,0,0,126594.55,1
5485,15637882,Uspensky,637,France,Female,39,4,0,2,0,1,147219.4,0
5486,15687409,Chukwuemeka,675,France,Male,31,10,0,2,1,1,141466.9,0
 5487,15791471,T'ang,850,France,Male,43,10,0,2,1,1,129749.77,0
5488,15649475,Lung,751,Germany,Female,35,9,167914.35,2,1,0,7556.35,0
5489,15575089,Scott,648,Spain,Male,33,2,0,2,1,1,141757.78,0 
5842,15795414,Boyle,745,Spain,Male,32,8,0,2,0,0,184438.47,0
5843,15574545,Sagese,608,Germany,Male,33,4,151014.4,2,1,0,178587.45,0
5844,15582466,Kerr,761,Germany,Female,49,5,125584.43,2,0,0,83419.14,1
 5845,15682881,Lucchese,645,Germany,Female,47,3,128268.05,1,1,0,149915.52,1
5846,15721163,T'ien,685,Spain,Female,35,0,0,2,1,1,109638.77,0
5847,15730076,Wade,599,Germany,Male,29,2,85973.31,1,1,0,155718.56,0 
879,15696576,Liu,734,France,Male,35,8,93824.67,1,1,1,57909.82,0
880,15735517,Pirozzi,689,France,Male,30,4,0,2,0,1,58953.97,0
881,15695133,Sagese,632,France,Male,26,4,111387.24,1,0,0,81731.66,0
 882,15588901,Hsiung,666,Germany,Male,37,2,125090.48,2,1,1,152236.15,0
883,15571841,Ricci,691,Spain,Male,44,9,0,2,1,0,133897.74,0
884,15791834,Stevenson,697,Spain,Male,38,9,0,2,0,1,55563.03,0 
6763,15733395,Chidimma,703,Spain,Female,42,4,0,2,1,1,141405.89,0
6764,15641807,Nkemjika,703,France,Female,41,3,0,2,1,1,141416.73,0
6765,15642386,Chukwudi,612,Spain,Male,41,10,114582.33,1,1,1,153736.82,0
 6766,15655402,Obijiaku,602,Germany,Male,36,1,145854.29,2,1,0,69135.75,0
6767,15682250,Manna,583,Spain,Male,46,0,0,2,1,1,126629.98,0
6768,15794825,Hope,636,France,Male,37,2,0,2,1,0,104524.86,0 
4444,15771883,Aksenov,637,France,Female,33,7,0,2,0,0,162378.11,0
4445,15596544,Benjamin,685,France,Male,30,1,0,2,1,1,166672.95,0
4446,15796041,Bezrukova,738,France,Female,41,8,0,1,1,1,44020.02,0
 4447,15602934,Bolton,611,Germany,Female,34,1,135770.28,1,1,0,184313.64,0
4448,15665320,Flores,742,France,Female,54,7,0,2,1,0,122281.01,0
4449,15601363,Knight,739,Germany,Male,43,2,153392.63,1,0,1,29495.33,1 
4537,15712972,Ch'iu,638,France,Male,37,2,0,2,0,0,95802.7,1
4538,15693390,Ch'iu,716,France,Female,30,4,0,2,1,1,160799.02,0
4539,15566007,Rahman,692,Spain,Female,53,8,129939.02,1,1,1,166657.62,0
 4540,15794440,Boyle,685,France,Male,43,9,0,2,0,0,123092.15,0
4541,15583559,Williams,653,Germany,Female,46,9,130023.13,1,1,1,159898.35,0
4542,15719758,Evans,721,France,Male,32,6,0,1,1,1,47775.65,0 
906,15786031,Reyes,673,Spain,Male,42,3,0,1,1,0,94105.66,1
907,15651643,Findlay,850,France,Male,30,4,0,2,1,1,126860.29,0
908,15727698,Landon,737,Spain,Female,29,2,0,2,1,0,185757.94,0
 909,15692292,Kip,746,France,Female,36,1,0,2,1,0,48953.15,0
910,15577515,Shih,805,Spain,Male,32,6,121860.62,1,1,1,58525.93,0
911,15741566,Chukwuhaenye,558,Germany,Female,29,7,123551.88,1,1,0,109884.7,0 
8619,15582550,Keniston,435,France,Female,43,6,0,1,1,1,137849.92,0
8620,15742859,Pisano,656,Germany,Male,36,4,161147.52,1,1,0,187428.8,0
8621,15807511,Burrows,850,Germany,Female,44,6,105407.41,1,0,1,6251.95,0
 8622,15612572,Korovin,749,Germany,Female,29,6,122350.43,2,1,0,146102.95,0
8623,15585938,Chiu,621,France,Male,37,8,0,1,1,1,121362.25,0
8624,15808880,Wallace,694,France,Female,46,4,0,1,1,0,84360.54,1 
6428,15764753,Golubeva,738,France,Female,41,7,0,1,1,1,122800.24,0
6429,15742522,Mullen,627,France,Male,36,8,0,2,0,0,72348.45,0
6430,15794847,Curtis,889,Germany,Male,40,4,133330.38,1,1,1,49568.96,1
 6431,15604941,Crawford,719,Germany,Male,29,2,142036.92,2,1,1,123938.33,0
6432,15752297,Moss,669,France,Female,38,9,0,1,1,1,151316.03,0
6433,15698910,O'Donnell,754,Germany,Female,43,4,111430.99,2,1,1,173735.89,0 
9678,15674840,Kung,701,France,Female,28,4,120904.35,1,1,0,131168.67,0
9679,15697519,Hua,611,France,Male,32,8,0,2,1,1,189543.82,0
9680,15798029,Akabueze,626,France,Male,37,9,0,1,1,1,1075.71,0
 9681,15670193,Gibson,508,Spain,Female,38,10,0,2,1,0,189916.54,0
9682,15793681,Chia,776,France,Female,26,6,0,2,1,1,88867.39,0
9683,15691183,Chukwueloka,554,France,Male,37,5,114805.63,1,1,0,102859.15,0 
564,15659090,Hayward,749,France,Male,35,7,0,2,1,1,97147.76,0
565,15597250,Yao,838,Germany,Male,43,1,113226.98,2,0,0,140911.12,0
566,15672363,Riley,625,France,Female,69,8,89598.09,3,0,1,164723.72,1
 567,15802460,Torreggiani,710,France,Female,41,9,0,1,1,1,159977.14,0
568,15654582,McMillan,607,France,Male,37,0,0,2,1,1,163894.31,0
569,15734051,Forbes,831,Spain,Female,63,3,0,1,1,1,129393.76,1 
5222,15729162,Andrews,634,France,Male,33,8,111294.56,1,1,1,175905.75,0
5223,15644431,Pinto,732,France,Male,37,7,93788.96,1,1,0,182353.31,0
5224,15649975,Carpenter,782,France,Female,38,1,0,2,1,0,125611.41,0
 5225,15673869,Watkins,649,France,Male,29,4,0,2,0,0,47700.87,0
5226,15681595,Dale,621,Germany,Male,32,8,102360.58,2,1,0,181550.81,0
5227,15612412,Harris,693,France,Male,46,9,0,2,0,0,66388.6,0 
988,15704962,Onuchukwu,636,France,Male,40,4,0,1,1,1,131588.28,0
989,15646512,Roberts,724,Germany,Male,43,2,172369.9,2,1,0,186243.69,0
990,15629559,Cheng,625,France,Male,26,9,0,2,1,0,103594.56,0
 991,15662031,Y?,745,France,Female,37,5,0,3,1,1,122458.09,1
992,15588535,Y?an,753,France,Male,40,2,0,2,1,0,185763.3,0
993,15605791,Chen,741,France,Male,29,8,196156.33,2,1,1,132635.29,0 
732,15685621,Pisano,659,France,Male,42,0,0,1,1,0,173892.52,0
733,15584040,Lucchese,786,France,Male,60,4,155086.25,1,0,1,126563.45,0
734,15749233,Moran,850,Spain,Female,35,1,0,2,0,0,141427.66,0
 735,15782871,Onyemachukwu,731,Germany,Male,45,9,125468.42,1,1,1,28688.84,0
736,15629516,Hancock,667,Germany,Female,42,8,125524.72,2,0,0,1096.86,0
737,15671605,Tan,664,France,Female,34,5,122375.15,2,0,0,136664.07,0 
5700,15780330,K?,584,France,Male,26,7,0,2,1,1,174933.36,0
5701,15670149,Chidimma,637,France,Male,39,0,0,1,1,0,158069.64,1
5702,15642763,Chimaobim,637,France,Female,31,7,0,2,1,1,192907.9,0
 5703,15644550,Okwudilichukwu,595,France,Female,41,4,98247.65,2,1,0,45656.31,0
5704,15584444,McIntosh,542,Spain,Male,36,1,0,2,0,0,128381.12,0
5705,15733297,Liao,606,France,Male,29,2,0,2,0,1,107721.59,0 